pair,arm,turn,item,wording,reverse_scored,letter,raw_score,oriented_score,parsed,compliance,answer_text
0,asked,5,1,a,True,D,3,1,True,conforming,D
0,asked,5,1,b,True,D,3,1,True,conforming,D
0,asked,5,2,a,False,D,3,3,True,conforming,D
0,asked,5,2,b,False,C,2,2,True,conforming,C
0,asked,5,3,a,True,C,2,2,True,conforming,C
0,asked,5,3,b,True,C,2,2,True,conforming,C
0,asked,5,4,a,False,C,2,2,True,conforming,C
0,asked,5,4,b,False,C,2,2,True,conforming,C
0,asked,5,5,a,False,C,2,2,True,conforming,C
0,asked,5,5,b,False,D,3,3,True,conforming,D
0,asked,5,6,a,True,D,3,1,True,conforming,D
0,asked,5,6,b,True,D,3,1,True,conforming,D
0,asked,5,7,a,False,D,3,3,True,conforming,D
0,asked,5,7,b,False,E,4,4,True,conforming,E
0,asked,20,1,a,True,C,2,2,True,conforming,C
0,asked,20,1,b,True,D,3,1,True,conforming,D
0,asked,20,2,a,False,D,3,3,True,conforming,D
0,asked,20,2,b,False,C,2,2,True,conforming,C
0,asked,20,3,a,True,C,2,2,True,conforming,C
0,asked,20,3,b,True,C,2,2,True,conforming,C
0,asked,20,4,a,False,C,2,2,True,conforming,C
0,asked,20,4,b,False,E,4,4,True,conforming,E
0,asked,20,5,a,False,C,2,2,True,conforming,C
0,asked,20,5,b,False,E,4,4,True,conforming,E
0,asked,20,6,a,True,C,2,2,True,conforming,C
0,asked,20,6,b,True,E,4,0,True,conforming,E
0,asked,20,7,a,False,E,4,4,True,conforming,E
0,asked,20,7,b,False,E,4,4,True,conforming,E
0,asked,50,1,a,True,E,4,0,True,conforming,E
0,asked,50,1,b,True,D,3,1,True,conforming,D
0,asked,50,2,a,False,D,3,3,True,conforming,D
0,asked,50,2,b,False,C,2,2,True,conforming,C
0,asked,50,3,a,True,C,2,2,True,conforming,C
0,asked,50,3,b,True,A,0,4,True,conforming,A
0,asked,50,4,a,False,C,2,2,True,conforming,C
0,asked,50,4,b,False,C,2,2,True,conforming,C
0,asked,50,5,a,False,C,2,2,True,conforming,C
0,asked,50,5,b,False,E,4,4,True,conforming,E
0,asked,50,6,a,True,D,3,1,True,conforming,D
0,asked,50,6,b,True,E,4,0,True,conforming,E
0,asked,50,7,a,False,E,4,4,True,conforming,E
0,asked,50,7,b,False,E,4,4,True,conforming,E
0,asked_other,5,1,a,True,D,3,1,True,conforming,D
0,asked_other,5,1,b,True,E,4,0,True,conforming,E
0,asked_other,5,2,a,False,D,3,3,True,conforming,D
0,asked_other,5,2,b,False,C,2,2,True,conforming,C
0,asked_other,5,3,a,True,C,2,2,True,conforming,C
0,asked_other,5,3,b,True,C,2,2,True,conforming,C
0,asked_other,5,4,a,False,C,2,2,True,conforming,C
0,asked_other,5,4,b,False,C,2,2,True,conforming,C
0,asked_other,5,5,a,False,C,2,2,True,conforming,C
0,asked_other,5,5,b,False,D,3,3,True,conforming,D
0,asked_other,5,6,a,True,D,3,1,True,conforming,D
0,asked_other,5,6,b,True,E,4,0,True,conforming,E
0,asked_other,5,7,a,False,D,3,3,True,conforming,D
0,asked_other,5,7,b,False,E,4,4,True,conforming,E
0,asked_other,20,1,a,True,C,2,2,True,conforming,C
0,asked_other,20,1,b,True,D,3,1,True,conforming,D
0,asked_other,20,2,a,False,E,4,4,True,conforming,E
0,asked_other,20,2,b,False,C,2,2,True,conforming,C
0,asked_other,20,3,a,True,C,2,2,True,conforming,C
0,asked_other,20,3,b,True,C,2,2,True,conforming,C
0,asked_other,20,4,a,False,C,2,2,True,conforming,C
0,asked_other,20,4,b,False,C,2,2,True,conforming,C
0,asked_other,20,5,a,False,E,4,4,True,conforming,E
0,asked_other,20,5,b,False,E,4,4,True,conforming,E
0,asked_other,20,6,a,True,C,2,2,True,conforming,C
0,asked_other,20,6,b,True,E,4,0,True,conforming,E
0,asked_other,20,7,a,False,E,4,4,True,conforming,E
0,asked_other,20,7,b,False,E,4,4,True,conforming,E
0,asked_other,50,1,a,True,E,4,0,True,conforming,E
0,asked_other,50,1,b,True,D,3,1,True,conforming,D
0,asked_other,50,2,a,False,D,3,3,True,conforming,D
0,asked_other,50,2,b,False,C,2,2,True,conforming,C
0,asked_other,50,3,a,True,C,2,2,True,conforming,C
0,asked_other,50,3,b,True,A,0,4,True,conforming,A
0,asked_other,50,4,a,False,C,2,2,True,conforming,C
0,asked_other,50,4,b,False,C,2,2,True,conforming,C
0,asked_other,50,5,a,False,C,2,2,True,conforming,C
0,asked_other,50,5,b,False,E,4,4,True,conforming,E
0,asked_other,50,6,a,True,E,4,0,True,conforming,E
0,asked_other,50,6,b,True,E,4,0,True,conforming,E
0,asked_other,50,7,a,False,E,4,4,True,conforming,E
0,asked_other,50,7,b,False,E,4,4,True,conforming,E
0,task,5,1,a,True,C,2,2,True,conforming,C
0,task,5,1,b,True,D,3,1,True,conforming,D
0,task,5,2,a,False,D,3,3,True,conforming,D
0,task,5,2,b,False,C,2,2,True,conforming,C
0,task,5,3,a,True,C,2,2,True,conforming,C
0,task,5,3,b,True,C,2,2,True,conforming,C
0,task,5,4,a,False,C,2,2,True,conforming,C
0,task,5,4,b,False,E,4,4,True,conforming,E
0,task,5,5,a,False,E,4,4,True,conforming,E
0,task,5,5,b,False,E,4,4,True,conforming,E
0,task,5,6,a,True,E,4,0,True,conforming,E
0,task,5,6,b,True,D,3,1,True,conforming,D
0,task,5,7,a,False,E,4,4,True,conforming,E
0,task,5,7,b,False,E,4,4,True,conforming,E
0,task,20,1,a,True,C,2,2,True,conforming,C
0,task,20,1,b,True,E,4,0,True,conforming,E
0,task,20,2,a,False,E,4,4,True,conforming,E
0,task,20,2,b,False,A,0,0,True,conforming,A
0,task,20,3,a,True,C,2,2,True,conforming,C
0,task,20,3,b,True,A,0,4,True,conforming,A
0,task,20,4,a,False,E,4,4,True,conforming,E
0,task,20,4,b,False,E,4,4,True,conforming,E
0,task,20,5,a,False,E,4,4,True,conforming,E
0,task,20,5,b,False,E,4,4,True,conforming,E
0,task,20,6,a,True,E,4,0,True,conforming,E
0,task,20,6,b,True,E,4,0,True,conforming,E
0,task,20,7,a,False,E,4,4,True,conforming,E
0,task,20,7,b,False,E,4,4,True,conforming,E
0,task,50,1,a,True,E,4,0,True,conforming,E
0,task,50,1,b,True,D,3,1,True,conforming,D
0,task,50,2,a,False,D,3,3,True,conforming,D
0,task,50,2,b,False,C,2,2,True,conforming,C
0,task,50,3,a,True,C,2,2,True,conforming,C
0,task,50,3,b,True,C,2,2,True,conforming,C
0,task,50,4,a,False,E,4,4,True,conforming,E
0,task,50,4,b,False,E,4,4,True,conforming,E
0,task,50,5,a,False,E,4,4,True,conforming,E
0,task,50,5,b,False,E,4,4,True,conforming,E
0,task,50,6,a,True,E,4,0,True,conforming,E
0,task,50,6,b,True,D,3,1,True,conforming,D
0,task,50,7,a,False,E,4,4,True,conforming,E
0,task,50,7,b,False,E,4,4,True,conforming,E
1,asked,5,1,a,True,E,4,0,True,conforming,E
1,asked,5,1,b,True,D,3,1,True,conforming,D
1,asked,5,2,a,False,E,4,4,True,conforming,E
1,asked,5,2,b,False,C,2,2,True,conforming,C
1,asked,5,3,a,True,C,2,2,True,conforming,C
1,asked,5,3,b,True,C,2,2,True,conforming,C
1,asked,5,4,a,False,C,2,2,True,conforming,C
1,asked,5,4,b,False,E,4,4,True,conforming,E
1,asked,5,5,a,False,E,4,4,True,conforming,E
1,asked,5,5,b,False,E,4,4,True,conforming,E
1,asked,5,6,a,True,C,2,2,True,conforming,C
1,asked,5,6,b,True,E,4,0,True,conforming,E
1,asked,5,7,a,False,E,4,4,True,conforming,E
1,asked,5,7,b,False,E,4,4,True,conforming,E
1,asked,20,1,a,True,C,2,2,True,conforming,C
1,asked,20,1,b,True,E,4,0,True,conforming,E
1,asked,20,2,a,False,D,3,3,True,conforming,D
1,asked,20,2,b,False,C,2,2,True,conforming,C
1,asked,20,3,a,True,C,2,2,True,conforming,C
1,asked,20,3,b,True,C,2,2,True,conforming,C
1,asked,20,4,a,False,C,2,2,True,conforming,C
1,asked,20,4,b,False,E,4,4,True,conforming,E
1,asked,20,5,a,False,C,2,2,True,conforming,C
1,asked,20,5,b,False,E,4,4,True,conforming,E
1,asked,20,6,a,True,C,2,2,True,conforming,C
1,asked,20,6,b,True,E,4,0,True,conforming,E
1,asked,20,7,a,False,E,4,4,True,conforming,E
1,asked,20,7,b,False,E,4,4,True,conforming,E
1,asked,50,1,a,True,C,2,2,True,conforming,C
1,asked,50,1,b,True,D,3,1,True,conforming,D
1,asked,50,2,a,False,D,3,3,True,conforming,D
1,asked,50,2,b,False,C,2,2,True,conforming,C
1,asked,50,3,a,True,C,2,2,True,conforming,C
1,asked,50,3,b,True,C,2,2,True,conforming,C
1,asked,50,4,a,False,E,4,4,True,conforming,E
1,asked,50,4,b,False,C,2,2,True,conforming,C
1,asked,50,5,a,False,C,2,2,True,conforming,C
1,asked,50,5,b,False,E,4,4,True,conforming,E
1,asked,50,6,a,True,E,4,0,True,conforming,E
1,asked,50,6,b,True,E,4,0,True,conforming,E
1,asked,50,7,a,False,E,4,4,True,conforming,E
1,asked,50,7,b,False,E,4,4,True,conforming,E
1,asked_other,5,1,a,True,E,4,0,True,conforming,E
1,asked_other,5,1,b,True,E,4,0,True,conforming,E
1,asked_other,5,2,a,False,E,4,4,True,conforming,E
1,asked_other,5,2,b,False,C,2,2,True,conforming,C
1,asked_other,5,3,a,True,C,2,2,True,conforming,C
1,asked_other,5,3,b,True,C,2,2,True,conforming,C
1,asked_other,5,4,a,False,E,4,4,True,conforming,E
1,asked_other,5,4,b,False,E,4,4,True,conforming,E
1,asked_other,5,5,a,False,E,4,4,True,conforming,E
1,asked_other,5,5,b,False,E,4,4,True,conforming,E
1,asked_other,5,6,a,True,C,2,2,True,conforming,C
1,asked_other,5,6,b,True,E,4,0,True,conforming,E
1,asked_other,5,7,a,False,E,4,4,True,conforming,E
1,asked_other,5,7,b,False,E,4,4,True,conforming,E
1,asked_other,20,1,a,True,C,2,2,True,conforming,C
1,asked_other,20,1,b,True,C,2,2,True,conforming,C
1,asked_other,20,2,a,False,E,4,4,True,conforming,E
1,asked_other,20,2,b,False,C,2,2,True,conforming,C
1,asked_other,20,3,a,True,C,2,2,True,conforming,C
1,asked_other,20,3,b,True,C,2,2,True,conforming,C
1,asked_other,20,4,a,False,C,2,2,True,conforming,C
1,asked_other,20,4,b,False,E,4,4,True,conforming,E
1,asked_other,20,5,a,False,C,2,2,True,conforming,C
1,asked_other,20,5,b,False,E,4,4,True,conforming,E
1,asked_other,20,6,a,True,C,2,2,True,conforming,C
1,asked_other,20,6,b,True,C,2,2,True,conforming,C
1,asked_other,20,7,a,False,E,4,4,True,conforming,E
1,asked_other,20,7,b,False,E,4,4,True,conforming,E
1,asked_other,50,1,a,True,C,2,2,True,conforming,C
1,asked_other,50,1,b,True,E,4,0,True,conforming,E
1,asked_other,50,2,a,False,D,3,3,True,conforming,D
1,asked_other,50,2,b,False,C,2,2,True,conforming,C
1,asked_other,50,3,a,True,C,2,2,True,conforming,C
1,asked_other,50,3,b,True,C,2,2,True,conforming,C
1,asked_other,50,4,a,False,E,4,4,True,conforming,E
1,asked_other,50,4,b,False,C,2,2,True,conforming,C
1,asked_other,50,5,a,False,C,2,2,True,conforming,C
1,asked_other,50,5,b,False,E,4,4,True,conforming,E
1,asked_other,50,6,a,True,C,2,2,True,conforming,C
1,asked_other,50,6,b,True,E,4,0,True,conforming,E
1,asked_other,50,7,a,False,E,4,4,True,conforming,E
1,asked_other,50,7,b,False,E,4,4,True,conforming,E
1,task,5,1,a,True,C,2,2,True,conforming,C
1,task,5,1,b,True,E,4,0,True,conforming,E
1,task,5,2,a,False,D,3,3,True,conforming,D
1,task,5,2,b,False,A,0,0,True,conforming,A
1,task,5,3,a,True,C,2,2,True,conforming,C
1,task,5,3,b,True,C,2,2,True,conforming,C
1,task,5,4,a,False,A,0,0,True,conforming,A
1,task,5,4,b,False,E,4,4,True,conforming,E
1,task,5,5,a,False,C,2,2,True,conforming,C
1,task,5,5,b,False,E,4,4,True,conforming,E
1,task,5,6,a,True,C,2,2,True,conforming,C
1,task,5,6,b,True,E,4,0,True,conforming,E
1,task,5,7,a,False,E,4,4,True,conforming,E
1,task,5,7,b,False,E,4,4,True,conforming,E
1,task,20,1,a,True,C,2,2,True,conforming,C
1,task,20,1,b,True,C,2,2,True,conforming,C
1,task,20,2,a,False,E,4,4,True,conforming,E
1,task,20,2,b,False,A,0,0,True,conforming,A
1,task,20,3,a,True,C,2,2,True,conforming,C
1,task,20,3,b,True,C,2,2,True,conforming,C
1,task,20,4,a,False,E,4,4,True,conforming,E
1,task,20,4,b,False,E,4,4,True,conforming,E
1,task,20,5,a,False,E,4,4,True,conforming,E
1,task,20,5,b,False,E,4,4,True,conforming,E
1,task,20,6,a,True,C,2,2,True,conforming,C
1,task,20,6,b,True,E,4,0,True,conforming,E
1,task,20,7,a,False,E,4,4,True,conforming,E
1,task,20,7,b,False,E,4,4,True,conforming,E
1,task,50,1,a,True,C,2,2,True,conforming,C
1,task,50,1,b,True,E,4,0,True,conforming,E
1,task,50,2,a,False,D,3,3,True,conforming,D
1,task,50,2,b,False,C,2,2,True,conforming,C
1,task,50,3,a,True,C,2,2,True,conforming,C
1,task,50,3,b,True,C,2,2,True,conforming,C
1,task,50,4,a,False,E,4,4,True,conforming,E
1,task,50,4,b,False,E,4,4,True,conforming,E
1,task,50,5,a,False,E,4,4,True,conforming,E
1,task,50,5,b,False,E,4,4,True,conforming,E
1,task,50,6,a,True,E,4,0,True,conforming,E
1,task,50,6,b,True,E,4,0,True,conforming,E
1,task,50,7,a,False,E,4,4,True,conforming,E
1,task,50,7,b,False,E,4,4,True,conforming,E
2,asked,5,1,a,True,C,2,2,True,conforming,C
2,asked,5,1,b,True,D,3,1,True,conforming,D
2,asked,5,2,a,False,E,4,4,True,conforming,E
2,asked,5,2,b,False,C,2,2,True,conforming,C
2,asked,5,3,a,True,E,4,0,True,conforming,E
2,asked,5,3,b,True,C,2,2,True,conforming,C
2,asked,5,4,a,False,E,4,4,True,conforming,E
2,asked,5,4,b,False,E,4,4,True,conforming,E
2,asked,5,5,a,False,E,4,4,True,conforming,E
2,asked,5,5,b,False,E,4,4,True,conforming,E
2,asked,5,6,a,True,C,2,2,True,conforming,C
2,asked,5,6,b,True,E,4,0,True,conforming,E
2,asked,5,7,a,False,E,4,4,True,conforming,E
2,asked,5,7,b,False,E,4,4,True,conforming,E
2,asked,20,1,a,True,C,2,2,True,conforming,C
2,asked,20,1,b,True,E,4,0,True,conforming,E
2,asked,20,2,a,False,D,3,3,True,conforming,D
2,asked,20,2,b,False,C,2,2,True,conforming,C
2,asked,20,3,a,True,C,2,2,True,conforming,C
2,asked,20,3,b,True,C,2,2,True,conforming,C
2,asked,20,4,a,False,C,2,2,True,conforming,C
2,asked,20,4,b,False,E,4,4,True,conforming,E
2,asked,20,5,a,False,E,4,4,True,conforming,E
2,asked,20,5,b,False,E,4,4,True,conforming,E
2,asked,20,6,a,True,C,2,2,True,conforming,C
2,asked,20,6,b,True,E,4,0,True,conforming,E
2,asked,20,7,a,False,E,4,4,True,conforming,E
2,asked,20,7,b,False,E,4,4,True,conforming,E
2,asked,50,1,a,True,C,2,2,True,conforming,C
2,asked,50,1,b,True,C,2,2,True,conforming,C
2,asked,50,2,a,False,D,3,3,True,conforming,D
2,asked,50,2,b,False,C,2,2,True,conforming,C
2,asked,50,3,a,True,C,2,2,True,conforming,C
2,asked,50,3,b,True,A,0,4,True,conforming,A
2,asked,50,4,a,False,C,2,2,True,conforming,C
2,asked,50,4,b,False,C,2,2,True,conforming,C
2,asked,50,5,a,False,C,2,2,True,conforming,C
2,asked,50,5,b,False,E,4,4,True,conforming,E
2,asked,50,6,a,True,C,2,2,True,conforming,C
2,asked,50,6,b,True,E,4,0,True,conforming,E
2,asked,50,7,a,False,E,4,4,True,conforming,E
2,asked,50,7,b,False,E,4,4,True,conforming,E
2,asked_other,5,1,a,True,D,3,1,True,conforming,D
2,asked_other,5,1,b,True,E,4,0,True,conforming,E
2,asked_other,5,2,a,False,D,3,3,True,conforming,D
2,asked_other,5,2,b,False,C,2,2,True,conforming,C
2,asked_other,5,3,a,True,E,4,0,True,conforming,E
2,asked_other,5,3,b,True,C,2,2,True,conforming,C
2,asked_other,5,4,a,False,D,3,3,True,conforming,D
2,asked_other,5,4,b,False,D,3,3,True,conforming,D
2,asked_other,5,5,a,False,E,4,4,True,conforming,E
2,asked_other,5,5,b,False,E,4,4,True,conforming,E
2,asked_other,5,6,a,True,E,4,0,True,conforming,E
2,asked_other,5,6,b,True,E,4,0,True,conforming,E
2,asked_other,5,7,a,False,E,4,4,True,conforming,E
2,asked_other,5,7,b,False,E,4,4,True,conforming,E
2,asked_other,20,1,a,True,C,2,2,True,conforming,C
2,asked_other,20,1,b,True,E,4,0,True,conforming,E
2,asked_other,20,2,a,False,D,3,3,True,conforming,D
2,asked_other,20,2,b,False,C,2,2,True,conforming,C
2,asked_other,20,3,a,True,E,4,0,True,conforming,E
2,asked_other,20,3,b,True,C,2,2,True,conforming,C
2,asked_other,20,4,a,False,C,2,2,True,conforming,C
2,asked_other,20,4,b,False,E,4,4,True,conforming,E
2,asked_other,20,5,a,False,E,4,4,True,conforming,E
2,asked_other,20,5,b,False,E,4,4,True,conforming,E
2,asked_other,20,6,a,True,C,2,2,True,conforming,C
2,asked_other,20,6,b,True,E,4,0,True,conforming,E
2,asked_other,20,7,a,False,E,4,4,True,conforming,E
2,asked_other,20,7,b,False,E,4,4,True,conforming,E
2,asked_other,50,1,a,True,E,4,0,True,conforming,E
2,asked_other,50,1,b,True,C,2,2,True,conforming,C
2,asked_other,50,2,a,False,D,3,3,True,conforming,D
2,asked_other,50,2,b,False,C,2,2,True,conforming,C
2,asked_other,50,3,a,True,C,2,2,True,conforming,C
2,asked_other,50,3,b,True,C,2,2,True,conforming,C
2,asked_other,50,4,a,False,C,2,2,True,conforming,C
2,asked_other,50,4,b,False,C,2,2,True,conforming,C
2,asked_other,50,5,a,False,C,2,2,True,conforming,C
2,asked_other,50,5,b,False,E,4,4,True,conforming,E
2,asked_other,50,6,a,True,C,2,2,True,conforming,C
2,asked_other,50,6,b,True,E,4,0,True,conforming,E
2,asked_other,50,7,a,False,E,4,4,True,conforming,E
2,asked_other,50,7,b,False,E,4,4,True,conforming,E
2,task,5,1,a,True,C,2,2,True,conforming,C
2,task,5,1,b,True,E,4,0,True,conforming,E
2,task,5,2,a,False,D,3,3,True,conforming,D
2,task,5,2,b,False,A,0,0,True,conforming,A
2,task,5,3,a,True,C,2,2,True,conforming,C
2,task,5,3,b,True,A,0,4,True,conforming,A
2,task,5,4,a,False,E,4,4,True,conforming,E
2,task,5,4,b,False,E,4,4,True,conforming,E
2,task,5,5,a,False,E,4,4,True,conforming,E
2,task,5,5,b,False,E,4,4,True,conforming,E
2,task,5,6,a,True,E,4,0,True,conforming,E
2,task,5,6,b,True,E,4,0,True,conforming,E
2,task,5,7,a,False,E,4,4,True,conforming,E
2,task,5,7,b,False,E,4,4,True,conforming,E
2,task,20,1,a,True,C,2,2,True,conforming,C
2,task,20,1,b,True,E,4,0,True,conforming,E
2,task,20,2,a,False,D,3,3,True,conforming,D
2,task,20,2,b,False,C,2,2,True,conforming,C
2,task,20,3,a,True,C,2,2,True,conforming,C
2,task,20,3,b,True,A,0,4,True,conforming,A
2,task,20,4,a,False,E,4,4,True,conforming,E
2,task,20,4,b,False,E,4,4,True,conforming,E
2,task,20,5,a,False,E,4,4,True,conforming,E
2,task,20,5,b,False,E,4,4,True,conforming,E
2,task,20,6,a,True,C,2,2,True,conforming,C
2,task,20,6,b,True,E,4,0,True,conforming,E
2,task,20,7,a,False,E,4,4,True,conforming,E
2,task,20,7,b,False,E,4,4,True,conforming,E
2,task,50,1,a,True,C,2,2,True,conforming,C
2,task,50,1,b,True,D,3,1,True,conforming,D
2,task,50,2,a,False,D,3,3,True,conforming,D
2,task,50,2,b,False,C,2,2,True,conforming,C
2,task,50,3,a,True,C,2,2,True,conforming,C
2,task,50,3,b,True,C,2,2,True,conforming,C
2,task,50,4,a,False,E,4,4,True,conforming,E
2,task,50,4,b,False,E,4,4,True,conforming,E
2,task,50,5,a,False,E,4,4,True,conforming,E
2,task,50,5,b,False,E,4,4,True,conforming,E
2,task,50,6,a,True,E,4,0,True,conforming,E
2,task,50,6,b,True,E,4,0,True,conforming,E
2,task,50,7,a,False,E,4,4,True,conforming,E
2,task,50,7,b,False,E,4,4,True,conforming,E
3,asked,5,1,a,True,C,2,2,True,conforming,C
3,asked,5,1,b,True,E,4,0,True,conforming,E
3,asked,5,2,a,False,E,4,4,True,conforming,E
3,asked,5,2,b,False,C,2,2,True,conforming,C
3,asked,5,3,a,True,C,2,2,True,conforming,C
3,asked,5,3,b,True,C,2,2,True,conforming,C
3,asked,5,4,a,False,C,2,2,True,conforming,C
3,asked,5,4,b,False,E,4,4,True,conforming,E
3,asked,5,5,a,False,C,2,2,True,conforming,C
3,asked,5,5,b,False,E,4,4,True,conforming,E
3,asked,5,6,a,True,C,2,2,True,conforming,C
3,asked,5,6,b,True,E,4,0,True,conforming,E
3,asked,5,7,a,False,E,4,4,True,conforming,E
3,asked,5,7,b,False,E,4,4,True,conforming,E
3,asked,20,1,a,True,C,2,2,True,conforming,C
3,asked,20,1,b,True,E,4,0,True,conforming,E
3,asked,20,2,a,False,E,4,4,True,conforming,E
3,asked,20,2,b,False,C,2,2,True,conforming,C
3,asked,20,3,a,True,C,2,2,True,conforming,C
3,asked,20,3,b,True,C,2,2,True,conforming,C
3,asked,20,4,a,False,C,2,2,True,conforming,C
3,asked,20,4,b,False,E,4,4,True,conforming,E
3,asked,20,5,a,False,C,2,2,True,conforming,C
3,asked,20,5,b,False,E,4,4,True,conforming,E
3,asked,20,6,a,True,C,2,2,True,conforming,C
3,asked,20,6,b,True,E,4,0,True,conforming,E
3,asked,20,7,a,False,E,4,4,True,conforming,E
3,asked,20,7,b,False,E,4,4,True,conforming,E
3,asked,50,1,a,True,E,4,0,True,conforming,E
3,asked,50,1,b,True,C,2,2,True,conforming,C
3,asked,50,2,a,False,D,3,3,True,conforming,D
3,asked,50,2,b,False,C,2,2,True,conforming,C
3,asked,50,3,a,True,C,2,2,True,conforming,C
3,asked,50,3,b,True,E,4,0,True,conforming,E
3,asked,50,4,a,False,C,2,2,True,conforming,C
3,asked,50,4,b,False,C,2,2,True,conforming,C
3,asked,50,5,a,False,C,2,2,True,conforming,C
3,asked,50,5,b,False,E,4,4,True,conforming,E
3,asked,50,6,a,True,E,4,0,True,conforming,E
3,asked,50,6,b,True,E,4,0,True,conforming,E
3,asked,50,7,a,False,E,4,4,True,conforming,E
3,asked,50,7,b,False,E,4,4,True,conforming,E
3,asked_other,5,1,a,True,C,2,2,True,conforming,C
3,asked_other,5,1,b,True,E,4,0,True,conforming,E
3,asked_other,5,2,a,False,E,4,4,True,conforming,E
3,asked_other,5,2,b,False,C,2,2,True,conforming,C
3,asked_other,5,3,a,True,E,4,0,True,conforming,E
3,asked_other,5,3,b,True,C,2,2,True,conforming,C
3,asked_other,5,4,a,False,C,2,2,True,conforming,C
3,asked_other,5,4,b,False,E,4,4,True,conforming,E
3,asked_other,5,5,a,False,C,2,2,True,conforming,C
3,asked_other,5,5,b,False,E,4,4,True,conforming,E
3,asked_other,5,6,a,True,C,2,2,True,conforming,C
3,asked_other,5,6,b,True,C,2,2,True,conforming,C
3,asked_other,5,7,a,False,E,4,4,True,conforming,E
3,asked_other,5,7,b,False,E,4,4,True,conforming,E
3,asked_other,20,1,a,True,C,2,2,True,conforming,C
3,asked_other,20,1,b,True,C,2,2,True,conforming,C
3,asked_other,20,2,a,False,E,4,4,True,conforming,E
3,asked_other,20,2,b,False,C,2,2,True,conforming,C
3,asked_other,20,3,a,True,E,4,0,True,conforming,E
3,asked_other,20,3,b,True,C,2,2,True,conforming,C
3,asked_other,20,4,a,False,E,4,4,True,conforming,E
3,asked_other,20,4,b,False,E,4,4,True,conforming,E
3,asked_other,20,5,a,False,C,2,2,True,conforming,C
3,asked_other,20,5,b,False,E,4,4,True,conforming,E
3,asked_other,20,6,a,True,C,2,2,True,conforming,C
3,asked_other,20,6,b,True,E,4,0,True,conforming,E
3,asked_other,20,7,a,False,E,4,4,True,conforming,E
3,asked_other,20,7,b,False,E,4,4,True,conforming,E
3,asked_other,50,1,a,True,C,2,2,True,conforming,C
3,asked_other,50,1,b,True,C,2,2,True,conforming,C
3,asked_other,50,2,a,False,D,3,3,True,conforming,D
3,asked_other,50,2,b,False,C,2,2,True,conforming,C
3,asked_other,50,3,a,True,C,2,2,True,conforming,C
3,asked_other,50,3,b,True,C,2,2,True,conforming,C
3,asked_other,50,4,a,False,E,4,4,True,conforming,E
3,asked_other,50,4,b,False,E,4,4,True,conforming,E
3,asked_other,50,5,a,False,C,2,2,True,conforming,C
3,asked_other,50,5,b,False,E,4,4,True,conforming,E
3,asked_other,50,6,a,True,C,2,2,True,conforming,C
3,asked_other,50,6,b,True,E,4,0,True,conforming,E
3,asked_other,50,7,a,False,E,4,4,True,conforming,E
3,asked_other,50,7,b,False,E,4,4,True,conforming,E
3,task,5,1,a,True,C,2,2,True,conforming,C
3,task,5,1,b,True,E,4,0,True,conforming,E
3,task,5,2,a,False,E,4,4,True,conforming,E
3,task,5,2,b,False,E,4,4,True,conforming,E
3,task,5,3,a,True,C,2,2,True,conforming,C
3,task,5,3,b,True,A,0,4,True,conforming,A
3,task,5,4,a,False,A,0,0,True,conforming,A
3,task,5,4,b,False,C,2,2,True,conforming,C
3,task,5,5,a,False,C,2,2,True,conforming,C
3,task,5,5,b,False,E,4,4,True,conforming,E
3,task,5,6,a,True,E,4,0,True,conforming,E
3,task,5,6,b,True,E,4,0,True,conforming,E
3,task,5,7,a,False,E,4,4,True,conforming,E
3,task,5,7,b,False,E,4,4,True,conforming,E
3,task,20,1,a,True,C,2,2,True,conforming,C
3,task,20,1,b,True,E,4,0,True,conforming,E
3,task,20,2,a,False,E,4,4,True,conforming,E
3,task,20,2,b,False,A,0,0,True,conforming,A
3,task,20,3,a,True,C,2,2,True,conforming,C
3,task,20,3,b,True,A,0,4,True,conforming,A
3,task,20,4,a,False,E,4,4,True,conforming,E
3,task,20,4,b,False,E,4,4,True,conforming,E
3,task,20,5,a,False,E,4,4,True,conforming,E
3,task,20,5,b,False,E,4,4,True,conforming,E
3,task,20,6,a,True,E,4,0,True,conforming,E
3,task,20,6,b,True,E,4,0,True,conforming,E
3,task,20,7,a,False,E,4,4,True,conforming,E
3,task,20,7,b,False,E,4,4,True,conforming,E
3,task,50,1,a,True,C,2,2,True,conforming,C
3,task,50,1,b,True,D,3,1,True,conforming,D
3,task,50,2,a,False,D,3,3,True,conforming,D
3,task,50,2,b,False,C,2,2,True,conforming,C
3,task,50,3,a,True,C,2,2,True,conforming,C
3,task,50,3,b,True,C,2,2,True,conforming,C
3,task,50,4,a,False,E,4,4,True,conforming,E
3,task,50,4,b,False,E,4,4,True,conforming,E
3,task,50,5,a,False,E,4,4,True,conforming,E
3,task,50,5,b,False,E,4,4,True,conforming,E
3,task,50,6,a,True,E,4,0,True,conforming,E
3,task,50,6,b,True,E,4,0,True,conforming,E
3,task,50,7,a,False,E,4,4,True,conforming,E
3,task,50,7,b,False,E,4,4,True,conforming,E
4,asked,5,1,a,True,C,2,2,True,conforming,C
4,asked,5,1,b,True,C,2,2,True,conforming,C
4,asked,5,2,a,False,E,4,4,True,conforming,E
4,asked,5,2,b,False,C,2,2,True,conforming,C
4,asked,5,3,a,True,C,2,2,True,conforming,C
4,asked,5,3,b,True,C,2,2,True,conforming,C
4,asked,5,4,a,False,C,2,2,True,conforming,C
4,asked,5,4,b,False,C,2,2,True,conforming,C
4,asked,5,5,a,False,C,2,2,True,conforming,C
4,asked,5,5,b,False,E,4,4,True,conforming,E
4,asked,5,6,a,True,C,2,2,True,conforming,C
4,asked,5,6,b,True,E,4,0,True,conforming,E
4,asked,5,7,a,False,E,4,4,True,conforming,E
4,asked,5,7,b,False,E,4,4,True,conforming,E
4,asked,20,1,a,True,C,2,2,True,conforming,C
4,asked,20,1,b,True,E,4,0,True,conforming,E
4,asked,20,2,a,False,D,3,3,True,conforming,D
4,asked,20,2,b,False,C,2,2,True,conforming,C
4,asked,20,3,a,True,C,2,2,True,conforming,C
4,asked,20,3,b,True,C,2,2,True,conforming,C
4,asked,20,4,a,False,C,2,2,True,conforming,C
4,asked,20,4,b,False,E,4,4,True,conforming,E
4,asked,20,5,a,False,C,2,2,True,conforming,C
4,asked,20,5,b,False,E,4,4,True,conforming,E
4,asked,20,6,a,True,C,2,2,True,conforming,C
4,asked,20,6,b,True,E,4,0,True,conforming,E
4,asked,20,7,a,False,E,4,4,True,conforming,E
4,asked,20,7,b,False,E,4,4,True,conforming,E
4,asked,50,1,a,True,C,2,2,True,conforming,C
4,asked,50,1,b,True,C,2,2,True,conforming,C
4,asked,50,2,a,False,D,3,3,True,conforming,D
4,asked,50,2,b,False,C,2,2,True,conforming,C
4,asked,50,3,a,True,C,2,2,True,conforming,C
4,asked,50,3,b,True,C,2,2,True,conforming,C
4,asked,50,4,a,False,C,2,2,True,conforming,C
4,asked,50,4,b,False,C,2,2,True,conforming,C
4,asked,50,5,a,False,C,2,2,True,conforming,C
4,asked,50,5,b,False,E,4,4,True,conforming,E
4,asked,50,6,a,True,C,2,2,True,conforming,C
4,asked,50,6,b,True,E,4,0,True,conforming,E
4,asked,50,7,a,False,E,4,4,True,conforming,E
4,asked,50,7,b,False,E,4,4,True,conforming,E
4,asked_other,5,1,a,True,C,2,2,True,conforming,C
4,asked_other,5,1,b,True,C,2,2,True,conforming,C
4,asked_other,5,2,a,False,D,3,3,True,conforming,D
4,asked_other,5,2,b,False,C,2,2,True,conforming,C
4,asked_other,5,3,a,True,C,2,2,True,conforming,C
4,asked_other,5,3,b,True,C,2,2,True,conforming,C
4,asked_other,5,4,a,False,C,2,2,True,conforming,C
4,asked_other,5,4,b,False,E,4,4,True,conforming,E
4,asked_other,5,5,a,False,C,2,2,True,conforming,C
4,asked_other,5,5,b,False,E,4,4,True,conforming,E
4,asked_other,5,6,a,True,C,2,2,True,conforming,C
4,asked_other,5,6,b,True,E,4,0,True,conforming,E
4,asked_other,5,7,a,False,E,4,4,True,conforming,E
4,asked_other,5,7,b,False,E,4,4,True,conforming,E
4,asked_other,20,1,a,True,C,2,2,True,conforming,C
4,asked_other,20,1,b,True,E,4,0,True,conforming,E
4,asked_other,20,2,a,False,E,4,4,True,conforming,E
4,asked_other,20,2,b,False,A,0,0,True,conforming,A
4,asked_other,20,3,a,True,E,4,0,True,conforming,E
4,asked_other,20,3,b,True,C,2,2,True,conforming,C
4,asked_other,20,4,a,False,C,2,2,True,conforming,C
4,asked_other,20,4,b,False,E,4,4,True,conforming,E
4,asked_other,20,5,a,False,C,2,2,True,conforming,C
4,asked_other,20,5,b,False,E,4,4,True,conforming,E
4,asked_other,20,6,a,True,C,2,2,True,conforming,C
4,asked_other,20,6,b,True,E,4,0,True,conforming,E
4,asked_other,20,7,a,False,E,4,4,True,conforming,E
4,asked_other,20,7,b,False,E,4,4,True,conforming,E
4,asked_other,50,1,a,True,C,2,2,True,conforming,C
4,asked_other,50,1,b,True,C,2,2,True,conforming,C
4,asked_other,50,2,a,False,D,3,3,True,conforming,D
4,asked_other,50,2,b,False,C,2,2,True,conforming,C
4,asked_other,50,3,a,True,C,2,2,True,conforming,C
4,asked_other,50,3,b,True,E,4,0,True,conforming,E
4,asked_other,50,4,a,False,E,4,4,True,conforming,E
4,asked_other,50,4,b,False,C,2,2,True,conforming,C
4,asked_other,50,5,a,False,C,2,2,True,conforming,C
4,asked_other,50,5,b,False,E,4,4,True,conforming,E
4,asked_other,50,6,a,True,C,2,2,True,conforming,C
4,asked_other,50,6,b,True,E,4,0,True,conforming,E
4,asked_other,50,7,a,False,E,4,4,True,conforming,E
4,asked_other,50,7,b,False,E,4,4,True,conforming,E
4,task,5,1,a,True,C,2,2,True,conforming,C
4,task,5,1,b,True,C,2,2,True,conforming,C
4,task,5,2,a,False,E,4,4,True,conforming,E
4,task,5,2,b,False,E,4,4,True,conforming,E
4,task,5,3,a,True,C,2,2,True,conforming,C
4,task,5,3,b,True,C,2,2,True,conforming,C
4,task,5,4,a,False,C,2,2,True,conforming,C
4,task,5,4,b,False,C,2,2,True,conforming,C
4,task,5,5,a,False,C,2,2,True,conforming,C
4,task,5,5,b,False,C,2,2,True,conforming,C
4,task,5,6,a,True,C,2,2,True,conforming,C
4,task,5,6,b,True,E,4,0,True,conforming,E
4,task,5,7,a,False,E,4,4,True,conforming,E
4,task,5,7,b,False,E,4,4,True,conforming,E
4,task,20,1,a,True,C,2,2,True,conforming,C
4,task,20,1,b,True,E,4,0,True,conforming,E
4,task,20,2,a,False,E,4,4,True,conforming,E
4,task,20,2,b,False,A,0,0,True,conforming,A
4,task,20,3,a,True,C,2,2,True,conforming,C
4,task,20,3,b,True,A,0,4,True,conforming,A
4,task,20,4,a,False,E,4,4,True,conforming,E
4,task,20,4,b,False,E,4,4,True,conforming,E
4,task,20,5,a,False,E,4,4,True,conforming,E
4,task,20,5,b,False,E,4,4,True,conforming,E
4,task,20,6,a,True,E,4,0,True,conforming,E
4,task,20,6,b,True,E,4,0,True,conforming,E
4,task,20,7,a,False,E,4,4,True,conforming,E
4,task,20,7,b,False,E,4,4,True,conforming,E
4,task,50,1,a,True,C,2,2,True,conforming,C
4,task,50,1,b,True,E,4,0,True,conforming,E
4,task,50,2,a,False,D,3,3,True,conforming,D
4,task,50,2,b,False,A,0,0,True,conforming,A
4,task,50,3,a,True,C,2,2,True,conforming,C
4,task,50,3,b,True,C,2,2,True,conforming,C
4,task,50,4,a,False,E,4,4,True,conforming,E
4,task,50,4,b,False,E,4,4,True,conforming,E
4,task,50,5,a,False,E,4,4,True,conforming,E
4,task,50,5,b,False,E,4,4,True,conforming,E
4,task,50,6,a,True,E,4,0,True,conforming,E
4,task,50,6,b,True,E,4,0,True,conforming,E
4,task,50,7,a,False,E,4,4,True,conforming,E
4,task,50,7,b,False,E,4,4,True,conforming,E
5,asked,5,1,a,True,D,3,1,True,conforming,D
5,asked,5,1,b,True,E,4,0,True,conforming,E
5,asked,5,2,a,False,D,3,3,True,conforming,D
5,asked,5,2,b,False,C,2,2,True,conforming,C
5,asked,5,3,a,True,C,2,2,True,conforming,C
5,asked,5,3,b,True,C,2,2,True,conforming,C
5,asked,5,4,a,False,D,3,3,True,conforming,D
5,asked,5,4,b,False,D,3,3,True,conforming,D
5,asked,5,5,a,False,D,3,3,True,conforming,D
5,asked,5,5,b,False,D,3,3,True,conforming,D
5,asked,5,6,a,True,D,3,1,True,conforming,D
5,asked,5,6,b,True,D,3,1,True,conforming,D
5,asked,5,7,a,False,D,3,3,True,conforming,D
5,asked,5,7,b,False,E,4,4,True,conforming,E
5,asked,20,1,a,True,E,4,0,True,conforming,E
5,asked,20,1,b,True,D,3,1,True,conforming,D
5,asked,20,2,a,False,D,3,3,True,conforming,D
5,asked,20,2,b,False,C,2,2,True,conforming,C
5,asked,20,3,a,True,C,2,2,True,conforming,C
5,asked,20,3,b,True,C,2,2,True,conforming,C
5,asked,20,4,a,False,C,2,2,True,conforming,C
5,asked,20,4,b,False,E,4,4,True,conforming,E
5,asked,20,5,a,False,E,4,4,True,conforming,E
5,asked,20,5,b,False,E,4,4,True,conforming,E
5,asked,20,6,a,True,C,2,2,True,conforming,C
5,asked,20,6,b,True,E,4,0,True,conforming,E
5,asked,20,7,a,False,E,4,4,True,conforming,E
5,asked,20,7,b,False,E,4,4,True,conforming,E
5,asked,50,1,a,True,E,4,0,True,conforming,E
5,asked,50,1,b,True,D,3,1,True,conforming,D
5,asked,50,2,a,False,D,3,3,True,conforming,D
5,asked,50,2,b,False,C,2,2,True,conforming,C
5,asked,50,3,a,True,C,2,2,True,conforming,C
5,asked,50,3,b,True,A,0,4,True,conforming,A
5,asked,50,4,a,False,C,2,2,True,conforming,C
5,asked,50,4,b,False,C,2,2,True,conforming,C
5,asked,50,5,a,False,E,4,4,True,conforming,E
5,asked,50,5,b,False,E,4,4,True,conforming,E
5,asked,50,6,a,True,E,4,0,True,conforming,E
5,asked,50,6,b,True,E,4,0,True,conforming,E
5,asked,50,7,a,False,E,4,4,True,conforming,E
5,asked,50,7,b,False,E,4,4,True,conforming,E
5,asked_other,5,1,a,True,D,3,1,True,conforming,D
5,asked_other,5,1,b,True,E,4,0,True,conforming,E
5,asked_other,5,2,a,False,D,3,3,True,conforming,D
5,asked_other,5,2,b,False,C,2,2,True,conforming,C
5,asked_other,5,3,a,True,C,2,2,True,conforming,C
5,asked_other,5,3,b,True,A,0,4,True,conforming,A
5,asked_other,5,4,a,False,D,3,3,True,conforming,D
5,asked_other,5,4,b,False,D,3,3,True,conforming,D
5,asked_other,5,5,a,False,D,3,3,True,conforming,D
5,asked_other,5,5,b,False,D,3,3,True,conforming,D
5,asked_other,5,6,a,True,D,3,1,True,conforming,D
5,asked_other,5,6,b,True,D,3,1,True,conforming,D
5,asked_other,5,7,a,False,D,3,3,True,conforming,D
5,asked_other,5,7,b,False,E,4,4,True,conforming,E
5,asked_other,20,1,a,True,E,4,0,True,conforming,E
5,asked_other,20,1,b,True,D,3,1,True,conforming,D
5,asked_other,20,2,a,False,D,3,3,True,conforming,D
5,asked_other,20,2,b,False,C,2,2,True,conforming,C
5,asked_other,20,3,a,True,E,4,0,True,conforming,E
5,asked_other,20,3,b,True,C,2,2,True,conforming,C
5,asked_other,20,4,a,False,C,2,2,True,conforming,C
5,asked_other,20,4,b,False,D,3,3,True,conforming,D
5,asked_other,20,5,a,False,E,4,4,True,conforming,E
5,asked_other,20,5,b,False,E,4,4,True,conforming,E
5,asked_other,20,6,a,True,C,2,2,True,conforming,C
5,asked_other,20,6,b,True,E,4,0,True,conforming,E
5,asked_other,20,7,a,False,E,4,4,True,conforming,E
5,asked_other,20,7,b,False,E,4,4,True,conforming,E
5,asked_other,50,1,a,True,E,4,0,True,conforming,E
5,asked_other,50,1,b,True,D,3,1,True,conforming,D
5,asked_other,50,2,a,False,D,3,3,True,conforming,D
5,asked_other,50,2,b,False,C,2,2,True,conforming,C
5,asked_other,50,3,a,True,C,2,2,True,conforming,C
5,asked_other,50,3,b,True,A,0,4,True,conforming,A
5,asked_other,50,4,a,False,B,1,1,True,conforming,B
5,asked_other,50,4,b,False,D,3,3,True,conforming,D
5,asked_other,50,5,a,False,C,2,2,True,conforming,C
5,asked_other,50,5,b,False,E,4,4,True,conforming,E
5,asked_other,50,6,a,True,C,2,2,True,conforming,C
5,asked_other,50,6,b,True,E,4,0,True,conforming,E
5,asked_other,50,7,a,False,E,4,4,True,conforming,E
5,asked_other,50,7,b,False,E,4,4,True,conforming,E
5,task,5,1,a,True,C,2,2,True,conforming,C
5,task,5,1,b,True,E,4,0,True,conforming,E
5,task,5,2,a,False,D,3,3,True,conforming,D
5,task,5,2,b,False,C,2,2,True,conforming,C
5,task,5,3,a,True,C,2,2,True,conforming,C
5,task,5,3,b,True,C,2,2,True,conforming,C
5,task,5,4,a,False,D,3,3,True,conforming,D
5,task,5,4,b,False,D,3,3,True,conforming,D
5,task,5,5,a,False,E,4,4,True,conforming,E
5,task,5,5,b,False,E,4,4,True,conforming,E
5,task,5,6,a,True,E,4,0,True,conforming,E
5,task,5,6,b,True,E,4,0,True,conforming,E
5,task,5,7,a,False,E,4,4,True,conforming,E
5,task,5,7,b,False,E,4,4,True,conforming,E
5,task,20,1,a,True,C,2,2,True,conforming,C
5,task,20,1,b,True,E,4,0,True,conforming,E
5,task,20,2,a,False,D,3,3,True,conforming,D
5,task,20,2,b,False,A,0,0,True,conforming,A
5,task,20,3,a,True,C,2,2,True,conforming,C
5,task,20,3,b,True,A,0,4,True,conforming,A
5,task,20,4,a,False,A,0,0,True,conforming,A
5,task,20,4,b,False,E,4,4,True,conforming,E
5,task,20,5,a,False,E,4,4,True,conforming,E
5,task,20,5,b,False,E,4,4,True,conforming,E
5,task,20,6,a,True,E,4,0,True,conforming,E
5,task,20,6,b,True,E,4,0,True,conforming,E
5,task,20,7,a,False,E,4,4,True,conforming,E
5,task,20,7,b,False,E,4,4,True,conforming,E
5,task,50,1,a,True,C,2,2,True,conforming,C
5,task,50,1,b,True,D,3,1,True,conforming,D
5,task,50,2,a,False,D,3,3,True,conforming,D
5,task,50,2,b,False,C,2,2,True,conforming,C
5,task,50,3,a,True,C,2,2,True,conforming,C
5,task,50,3,b,True,A,0,4,True,conforming,A
5,task,50,4,a,False,D,3,3,True,conforming,D
5,task,50,4,b,False,E,4,4,True,conforming,E
5,task,50,5,a,False,E,4,4,True,conforming,E
5,task,50,5,b,False,E,4,4,True,conforming,E
5,task,50,6,a,True,E,4,0,True,conforming,E
5,task,50,6,b,True,E,4,0,True,conforming,E
5,task,50,7,a,False,E,4,4,True,conforming,E
5,task,50,7,b,False,E,4,4,True,conforming,E
6,asked,5,1,a,True,C,2,2,True,conforming,C
6,asked,5,1,b,True,C,2,2,True,conforming,C
6,asked,5,2,a,False,D,3,3,True,conforming,D
6,asked,5,2,b,False,C,2,2,True,conforming,C
6,asked,5,3,a,True,E,4,0,True,conforming,E
6,asked,5,3,b,True,C,2,2,True,conforming,C
6,asked,5,4,a,False,C,2,2,True,conforming,C
6,asked,5,4,b,False,E,4,4,True,conforming,E
6,asked,5,5,a,False,C,2,2,True,conforming,C
6,asked,5,5,b,False,E,4,4,True,conforming,E
6,asked,5,6,a,True,C,2,2,True,conforming,C
6,asked,5,6,b,True,E,4,0,True,conforming,E
6,asked,5,7,a,False,E,4,4,True,conforming,E
6,asked,5,7,b,False,E,4,4,True,conforming,E
6,asked,20,1,a,True,C,2,2,True,conforming,C
6,asked,20,1,b,True,C,2,2,True,conforming,C
6,asked,20,2,a,False,E,4,4,True,conforming,E
6,asked,20,2,b,False,C,2,2,True,conforming,C
6,asked,20,3,a,True,C,2,2,True,conforming,C
6,asked,20,3,b,True,C,2,2,True,conforming,C
6,asked,20,4,a,False,C,2,2,True,conforming,C
6,asked,20,4,b,False,E,4,4,True,conforming,E
6,asked,20,5,a,False,C,2,2,True,conforming,C
6,asked,20,5,b,False,E,4,4,True,conforming,E
6,asked,20,6,a,True,C,2,2,True,conforming,C
6,asked,20,6,b,True,E,4,0,True,conforming,E
6,asked,20,7,a,False,E,4,4,True,conforming,E
6,asked,20,7,b,False,E,4,4,True,conforming,E
6,asked,50,1,a,True,C,2,2,True,conforming,C
6,asked,50,1,b,True,E,4,0,True,conforming,E
6,asked,50,2,a,False,D,3,3,True,conforming,D
6,asked,50,2,b,False,C,2,2,True,conforming,C
6,asked,50,3,a,True,C,2,2,True,conforming,C
6,asked,50,3,b,True,C,2,2,True,conforming,C
6,asked,50,4,a,False,E,4,4,True,conforming,E
6,asked,50,4,b,False,C,2,2,True,conforming,C
6,asked,50,5,a,False,C,2,2,True,conforming,C
6,asked,50,5,b,False,E,4,4,True,conforming,E
6,asked,50,6,a,True,C,2,2,True,conforming,C
6,asked,50,6,b,True,E,4,0,True,conforming,E
6,asked,50,7,a,False,E,4,4,True,conforming,E
6,asked,50,7,b,False,E,4,4,True,conforming,E
6,asked_other,5,1,a,True,C,2,2,True,conforming,C
6,asked_other,5,1,b,True,E,4,0,True,conforming,E
6,asked_other,5,2,a,False,D,3,3,True,conforming,D
6,asked_other,5,2,b,False,C,2,2,True,conforming,C
6,asked_other,5,3,a,True,E,4,0,True,conforming,E
6,asked_other,5,3,b,True,A,0,4,True,conforming,A
6,asked_other,5,4,a,False,C,2,2,True,conforming,C
6,asked_other,5,4,b,False,D,3,3,True,conforming,D
6,asked_other,5,5,a,False,C,2,2,True,conforming,C
6,asked_other,5,5,b,False,E,4,4,True,conforming,E
6,asked_other,5,6,a,True,C,2,2,True,conforming,C
6,asked_other,5,6,b,True,E,4,0,True,conforming,E
6,asked_other,5,7,a,False,E,4,4,True,conforming,E
6,asked_other,5,7,b,False,E,4,4,True,conforming,E
6,asked_other,20,1,a,True,C,2,2,True,conforming,C
6,asked_other,20,1,b,True,E,4,0,True,conforming,E
6,asked_other,20,2,a,False,D,3,3,True,conforming,D
6,asked_other,20,2,b,False,C,2,2,True,conforming,C
6,asked_other,20,3,a,True,E,4,0,True,conforming,E
6,asked_other,20,3,b,True,A,0,4,True,conforming,A
6,asked_other,20,4,a,False,C,2,2,True,conforming,C
6,asked_other,20,4,b,False,E,4,4,True,conforming,E
6,asked_other,20,5,a,False,C,2,2,True,conforming,C
6,asked_other,20,5,b,False,E,4,4,True,conforming,E
6,asked_other,20,6,a,True,C,2,2,True,conforming,C
6,asked_other,20,6,b,True,E,4,0,True,conforming,E
6,asked_other,20,7,a,False,E,4,4,True,conforming,E
6,asked_other,20,7,b,False,E,4,4,True,conforming,E
6,asked_other,50,1,a,True,C,2,2,True,conforming,C
6,asked_other,50,1,b,True,E,4,0,True,conforming,E
6,asked_other,50,2,a,False,D,3,3,True,conforming,D
6,asked_other,50,2,b,False,C,2,2,True,conforming,C
6,asked_other,50,3,a,True,C,2,2,True,conforming,C
6,asked_other,50,3,b,True,C,2,2,True,conforming,C
6,asked_other,50,4,a,False,C,2,2,True,conforming,C
6,asked_other,50,4,b,False,C,2,2,True,conforming,C
6,asked_other,50,5,a,False,C,2,2,True,conforming,C
6,asked_other,50,5,b,False,E,4,4,True,conforming,E
6,asked_other,50,6,a,True,C,2,2,True,conforming,C
6,asked_other,50,6,b,True,E,4,0,True,conforming,E
6,asked_other,50,7,a,False,E,4,4,True,conforming,E
6,asked_other,50,7,b,False,E,4,4,True,conforming,E
6,task,5,1,a,True,C,2,2,True,conforming,C
6,task,5,1,b,True,C,2,2,True,conforming,C
6,task,5,2,a,False,D,3,3,True,conforming,D
6,task,5,2,b,False,C,2,2,True,conforming,C
6,task,5,3,a,True,C,2,2,True,conforming,C
6,task,5,3,b,True,C,2,2,True,conforming,C
6,task,5,4,a,False,C,2,2,True,conforming,C
6,task,5,4,b,False,E,4,4,True,conforming,E
6,task,5,5,a,False,C,2,2,True,conforming,C
6,task,5,5,b,False,E,4,4,True,conforming,E
6,task,5,6,a,True,E,4,0,True,conforming,E
6,task,5,6,b,True,E,4,0,True,conforming,E
6,task,5,7,a,False,E,4,4,True,conforming,E
6,task,5,7,b,False,E,4,4,True,conforming,E
6,task,20,1,a,True,C,2,2,True,conforming,C
6,task,20,1,b,True,E,4,0,True,conforming,E
6,task,20,2,a,False,E,4,4,True,conforming,E
6,task,20,2,b,False,A,0,0,True,conforming,A
6,task,20,3,a,True,C,2,2,True,conforming,C
6,task,20,3,b,True,A,0,4,True,conforming,A
6,task,20,4,a,False,A,0,0,True,conforming,A
6,task,20,4,b,False,E,4,4,True,conforming,E
6,task,20,5,a,False,E,4,4,True,conforming,E
6,task,20,5,b,False,E,4,4,True,conforming,E
6,task,20,6,a,True,C,2,2,True,conforming,C
6,task,20,6,b,True,E,4,0,True,conforming,E
6,task,20,7,a,False,E,4,4,True,conforming,E
6,task,20,7,b,False,E,4,4,True,conforming,E
6,task,50,1,a,True,C,2,2,True,conforming,C
6,task,50,1,b,True,E,4,0,True,conforming,E
6,task,50,2,a,False,D,3,3,True,conforming,D
6,task,50,2,b,False,C,2,2,True,conforming,C
6,task,50,3,a,True,C,2,2,True,conforming,C
6,task,50,3,b,True,C,2,2,True,conforming,C
6,task,50,4,a,False,E,4,4,True,conforming,E
6,task,50,4,b,False,E,4,4,True,conforming,E
6,task,50,5,a,False,C,2,2,True,conforming,C
6,task,50,5,b,False,E,4,4,True,conforming,E
6,task,50,6,a,True,C,2,2,True,conforming,C
6,task,50,6,b,True,E,4,0,True,conforming,E
6,task,50,7,a,False,E,4,4,True,conforming,E
6,task,50,7,b,False,E,4,4,True,conforming,E
7,asked,5,1,a,True,D,3,1,True,conforming,D
7,asked,5,1,b,True,D,3,1,True,conforming,D
7,asked,5,2,a,False,D,3,3,True,conforming,D
7,asked,5,2,b,False,C,2,2,True,conforming,C
7,asked,5,3,a,True,C,2,2,True,conforming,C
7,asked,5,3,b,True,C,2,2,True,conforming,C
7,asked,5,4,a,False,C,2,2,True,conforming,C
7,asked,5,4,b,False,D,3,3,True,conforming,D
7,asked,5,5,a,False,E,4,4,True,conforming,E
7,asked,5,5,b,False,E,4,4,True,conforming,E
7,asked,5,6,a,True,C,2,2,True,conforming,C
7,asked,5,6,b,True,D,3,1,True,conforming,D
7,asked,5,7,a,False,E,4,4,True,conforming,E
7,asked,5,7,b,False,E,4,4,True,conforming,E
7,asked,20,1,a,True,C,2,2,True,conforming,C
7,asked,20,1,b,True,D,3,1,True,conforming,D
7,asked,20,2,a,False,D,3,3,True,conforming,D
7,asked,20,2,b,False,C,2,2,True,conforming,C
7,asked,20,3,a,True,C,2,2,True,conforming,C
7,asked,20,3,b,True,C,2,2,True,conforming,C
7,asked,20,4,a,False,C,2,2,True,conforming,C
7,asked,20,4,b,False,E,4,4,True,conforming,E
7,asked,20,5,a,False,E,4,4,True,conforming,E
7,asked,20,5,b,False,E,4,4,True,conforming,E
7,asked,20,6,a,True,E,4,0,True,conforming,E
7,asked,20,6,b,True,E,4,0,True,conforming,E
7,asked,20,7,a,False,E,4,4,True,conforming,E
7,asked,20,7,b,False,E,4,4,True,conforming,E
7,asked,50,1,a,True,E,4,0,True,conforming,E
7,asked,50,1,b,True,D,3,1,True,conforming,D
7,asked,50,2,a,False,D,3,3,True,conforming,D
7,asked,50,2,b,False,C,2,2,True,conforming,C
7,asked,50,3,a,True,C,2,2,True,conforming,C
7,asked,50,3,b,True,A,0,4,True,conforming,A
7,asked,50,4,a,False,C,2,2,True,conforming,C
7,asked,50,4,b,False,C,2,2,True,conforming,C
7,asked,50,5,a,False,C,2,2,True,conforming,C
7,asked,50,5,b,False,E,4,4,True,conforming,E
7,asked,50,6,a,True,E,4,0,True,conforming,E
7,asked,50,6,b,True,E,4,0,True,conforming,E
7,asked,50,7,a,False,E,4,4,True,conforming,E
7,asked,50,7,b,False,E,4,4,True,conforming,E
7,asked_other,5,1,a,True,D,3,1,True,conforming,D
7,asked_other,5,1,b,True,D,3,1,True,conforming,D
7,asked_other,5,2,a,False,D,3,3,True,conforming,D
7,asked_other,5,2,b,False,C,2,2,True,conforming,C
7,asked_other,5,3,a,True,C,2,2,True,conforming,C
7,asked_other,5,3,b,True,C,2,2,True,conforming,C
7,asked_other,5,4,a,False,C,2,2,True,conforming,C
7,asked_other,5,4,b,False,D,3,3,True,conforming,D
7,asked_other,5,5,a,False,E,4,4,True,conforming,E
7,asked_other,5,5,b,False,D,3,3,True,conforming,D
7,asked_other,5,6,a,True,D,3,1,True,conforming,D
7,asked_other,5,6,b,True,D,3,1,True,conforming,D
7,asked_other,5,7,a,False,D,3,3,True,conforming,D
7,asked_other,5,7,b,False,E,4,4,True,conforming,E
7,asked_other,20,1,a,True,E,4,0,True,conforming,E
7,asked_other,20,1,b,True,E,4,0,True,conforming,E
7,asked_other,20,2,a,False,D,3,3,True,conforming,D
7,asked_other,20,2,b,False,C,2,2,True,conforming,C
7,asked_other,20,3,a,True,C,2,2,True,conforming,C
7,asked_other,20,3,b,True,A,0,4,True,conforming,A
7,asked_other,20,4,a,False,C,2,2,True,conforming,C
7,asked_other,20,4,b,False,D,3,3,True,conforming,D
7,asked_other,20,5,a,False,E,4,4,True,conforming,E
7,asked_other,20,5,b,False,E,4,4,True,conforming,E
7,asked_other,20,6,a,True,E,4,0,True,conforming,E
7,asked_other,20,6,b,True,E,4,0,True,conforming,E
7,asked_other,20,7,a,False,E,4,4,True,conforming,E
7,asked_other,20,7,b,False,E,4,4,True,conforming,E
7,asked_other,50,1,a,True,E,4,0,True,conforming,E
7,asked_other,50,1,b,True,D,3,1,True,conforming,D
7,asked_other,50,2,a,False,D,3,3,True,conforming,D
7,asked_other,50,2,b,False,C,2,2,True,conforming,C
7,asked_other,50,3,a,True,C,2,2,True,conforming,C
7,asked_other,50,3,b,True,A,0,4,True,conforming,A
7,asked_other,50,4,a,False,C,2,2,True,conforming,C
7,asked_other,50,4,b,False,C,2,2,True,conforming,C
7,asked_other,50,5,a,False,C,2,2,True,conforming,C
7,asked_other,50,5,b,False,E,4,4,True,conforming,E
7,asked_other,50,6,a,True,D,3,1,True,conforming,D
7,asked_other,50,6,b,True,E,4,0,True,conforming,E
7,asked_other,50,7,a,False,E,4,4,True,conforming,E
7,asked_other,50,7,b,False,E,4,4,True,conforming,E
7,task,5,1,a,True,C,2,2,True,conforming,C
7,task,5,1,b,True,E,4,0,True,conforming,E
7,task,5,2,a,False,E,4,4,True,conforming,E
7,task,5,2,b,False,A,0,0,True,conforming,A
7,task,5,3,a,True,C,2,2,True,conforming,C
7,task,5,3,b,True,A,0,4,True,conforming,A
7,task,5,4,a,False,A,0,0,True,conforming,A
7,task,5,4,b,False,C,2,2,True,conforming,C
7,task,5,5,a,False,E,4,4,True,conforming,E
7,task,5,5,b,False,E,4,4,True,conforming,E
7,task,5,6,a,True,C,2,2,True,conforming,C
7,task,5,6,b,True,E,4,0,True,conforming,E
7,task,5,7,a,False,E,4,4,True,conforming,E
7,task,5,7,b,False,E,4,4,True,conforming,E
7,task,20,1,a,True,C,2,2,True,conforming,C
7,task,20,1,b,True,E,4,0,True,conforming,E
7,task,20,2,a,False,E,4,4,True,conforming,E
7,task,20,2,b,False,A,0,0,True,conforming,A
7,task,20,3,a,True,A,0,4,True,conforming,A
7,task,20,3,b,True,A,0,4,True,conforming,A
7,task,20,4,a,False,A,0,0,True,conforming,A
7,task,20,4,b,False,E,4,4,True,conforming,E
7,task,20,5,a,False,E,4,4,True,conforming,E
7,task,20,5,b,False,E,4,4,True,conforming,E
7,task,20,6,a,True,E,4,0,True,conforming,E
7,task,20,6,b,True,E,4,0,True,conforming,E
7,task,20,7,a,False,E,4,4,True,conforming,E
7,task,20,7,b,False,E,4,4,True,conforming,E
7,task,50,1,a,True,C,2,2,True,conforming,C
7,task,50,1,b,True,D,3,1,True,conforming,D
7,task,50,2,a,False,D,3,3,True,conforming,D
7,task,50,2,b,False,C,2,2,True,conforming,C
7,task,50,3,a,True,C,2,2,True,conforming,C
7,task,50,3,b,True,C,2,2,True,conforming,C
7,task,50,4,a,False,E,4,4,True,conforming,E
7,task,50,4,b,False,E,4,4,True,conforming,E
7,task,50,5,a,False,E,4,4,True,conforming,E
7,task,50,5,b,False,E,4,4,True,conforming,E
7,task,50,6,a,True,E,4,0,True,conforming,E
7,task,50,6,b,True,E,4,0,True,conforming,E
7,task,50,7,a,False,E,4,4,True,conforming,E
7,task,50,7,b,False,E,4,4,True,conforming,E
8,asked,5,1,a,True,D,3,1,True,conforming,D
8,asked,5,1,b,True,E,4,0,True,conforming,E
8,asked,5,2,a,False,D,3,3,True,conforming,D
8,asked,5,2,b,False,C,2,2,True,conforming,C
8,asked,5,3,a,True,E,4,0,True,conforming,E
8,asked,5,3,b,True,A,0,4,True,conforming,A
8,asked,5,4,a,False,D,3,3,True,conforming,D
8,asked,5,4,b,False,D,3,3,True,conforming,D
8,asked,5,5,a,False,E,4,4,True,conforming,E
8,asked,5,5,b,False,E,4,4,True,conforming,E
8,asked,5,6,a,True,E,4,0,True,conforming,E
8,asked,5,6,b,True,E,4,0,True,conforming,E
8,asked,5,7,a,False,E,4,4,True,conforming,E
8,asked,5,7,b,False,E,4,4,True,conforming,E
8,asked,20,1,a,True,C,2,2,True,conforming,C
8,asked,20,1,b,True,E,4,0,True,conforming,E
8,asked,20,2,a,False,D,3,3,True,conforming,D
8,asked,20,2,b,False,C,2,2,True,conforming,C
8,asked,20,3,a,True,C,2,2,True,conforming,C
8,asked,20,3,b,True,C,2,2,True,conforming,C
8,asked,20,4,a,False,C,2,2,True,conforming,C
8,asked,20,4,b,False,C,2,2,True,conforming,C
8,asked,20,5,a,False,C,2,2,True,conforming,C
8,asked,20,5,b,False,E,4,4,True,conforming,E
8,asked,20,6,a,True,C,2,2,True,conforming,C
8,asked,20,6,b,True,E,4,0,True,conforming,E
8,asked,20,7,a,False,E,4,4,True,conforming,E
8,asked,20,7,b,False,E,4,4,True,conforming,E
8,asked,50,1,a,True,C,2,2,True,conforming,C
8,asked,50,1,b,True,E,4,0,True,conforming,E
8,asked,50,2,a,False,D,3,3,True,conforming,D
8,asked,50,2,b,False,C,2,2,True,conforming,C
8,asked,50,3,a,True,C,2,2,True,conforming,C
8,asked,50,3,b,True,C,2,2,True,conforming,C
8,asked,50,4,a,False,E,4,4,True,conforming,E
8,asked,50,4,b,False,C,2,2,True,conforming,C
8,asked,50,5,a,False,E,4,4,True,conforming,E
8,asked,50,5,b,False,E,4,4,True,conforming,E
8,asked,50,6,a,True,C,2,2,True,conforming,C
8,asked,50,6,b,True,E,4,0,True,conforming,E
8,asked,50,7,a,False,E,4,4,True,conforming,E
8,asked,50,7,b,False,E,4,4,True,conforming,E
8,asked_other,5,1,a,True,D,3,1,True,conforming,D
8,asked_other,5,1,b,True,E,4,0,True,conforming,E
8,asked_other,5,2,a,False,D,3,3,True,conforming,D
8,asked_other,5,2,b,False,C,2,2,True,conforming,C
8,asked_other,5,3,a,True,E,4,0,True,conforming,E
8,asked_other,5,3,b,True,A,0,4,True,conforming,A
8,asked_other,5,4,a,False,D,3,3,True,conforming,D
8,asked_other,5,4,b,False,D,3,3,True,conforming,D
8,asked_other,5,5,a,False,E,4,4,True,conforming,E
8,asked_other,5,5,b,False,E,4,4,True,conforming,E
8,asked_other,5,6,a,True,E,4,0,True,conforming,E
8,asked_other,5,6,b,True,E,4,0,True,conforming,E
8,asked_other,5,7,a,False,E,4,4,True,conforming,E
8,asked_other,5,7,b,False,E,4,4,True,conforming,E
8,asked_other,20,1,a,True,C,2,2,True,conforming,C
8,asked_other,20,1,b,True,E,4,0,True,conforming,E
8,asked_other,20,2,a,False,D,3,3,True,conforming,D
8,asked_other,20,2,b,False,C,2,2,True,conforming,C
8,asked_other,20,3,a,True,C,2,2,True,conforming,C
8,asked_other,20,3,b,True,C,2,2,True,conforming,C
8,asked_other,20,4,a,False,E,4,4,True,conforming,E
8,asked_other,20,4,b,False,E,4,4,True,conforming,E
8,asked_other,20,5,a,False,E,4,4,True,conforming,E
8,asked_other,20,5,b,False,E,4,4,True,conforming,E
8,asked_other,20,6,a,True,C,2,2,True,conforming,C
8,asked_other,20,6,b,True,E,4,0,True,conforming,E
8,asked_other,20,7,a,False,E,4,4,True,conforming,E
8,asked_other,20,7,b,False,E,4,4,True,conforming,E
8,asked_other,50,1,a,True,C,2,2,True,conforming,C
8,asked_other,50,1,b,True,E,4,0,True,conforming,E
8,asked_other,50,2,a,False,D,3,3,True,conforming,D
8,asked_other,50,2,b,False,C,2,2,True,conforming,C
8,asked_other,50,3,a,True,C,2,2,True,conforming,C
8,asked_other,50,3,b,True,E,4,0,True,conforming,E
8,asked_other,50,4,a,False,E,4,4,True,conforming,E
8,asked_other,50,4,b,False,C,2,2,True,conforming,C
8,asked_other,50,5,a,False,C,2,2,True,conforming,C
8,asked_other,50,5,b,False,E,4,4,True,conforming,E
8,asked_other,50,6,a,True,C,2,2,True,conforming,C
8,asked_other,50,6,b,True,E,4,0,True,conforming,E
8,asked_other,50,7,a,False,E,4,4,True,conforming,E
8,asked_other,50,7,b,False,E,4,4,True,conforming,E
8,task,5,1,a,True,C,2,2,True,conforming,C
8,task,5,1,b,True,E,4,0,True,conforming,E
8,task,5,2,a,False,D,3,3,True,conforming,D
8,task,5,2,b,False,A,0,0,True,conforming,A
8,task,5,3,a,True,C,2,2,True,conforming,C
8,task,5,3,b,True,A,0,4,True,conforming,A
8,task,5,4,a,False,E,4,4,True,conforming,E
8,task,5,4,b,False,E,4,4,True,conforming,E
8,task,5,5,a,False,E,4,4,True,conforming,E
8,task,5,5,b,False,E,4,4,True,conforming,E
8,task,5,6,a,True,E,4,0,True,conforming,E
8,task,5,6,b,True,E,4,0,True,conforming,E
8,task,5,7,a,False,E,4,4,True,conforming,E
8,task,5,7,b,False,E,4,4,True,conforming,E
8,task,20,1,a,True,C,2,2,True,conforming,C
8,task,20,1,b,True,E,4,0,True,conforming,E
8,task,20,2,a,False,E,4,4,True,conforming,E
8,task,20,2,b,False,A,0,0,True,conforming,A
8,task,20,3,a,True,C,2,2,True,conforming,C
8,task,20,3,b,True,C,2,2,True,conforming,C
8,task,20,4,a,False,A,0,0,True,conforming,A
8,task,20,4,b,False,E,4,4,True,conforming,E
8,task,20,5,a,False,E,4,4,True,conforming,E
8,task,20,5,b,False,E,4,4,True,conforming,E
8,task,20,6,a,True,C,2,2,True,conforming,C
8,task,20,6,b,True,E,4,0,True,conforming,E
8,task,20,7,a,False,E,4,4,True,conforming,E
8,task,20,7,b,False,E,4,4,True,conforming,E
8,task,50,1,a,True,C,2,2,True,conforming,C
8,task,50,1,b,True,E,4,0,True,conforming,E
8,task,50,2,a,False,D,3,3,True,conforming,D
8,task,50,2,b,False,A,0,0,True,conforming,A
8,task,50,3,a,True,C,2,2,True,conforming,C
8,task,50,3,b,True,C,2,2,True,conforming,C
8,task,50,4,a,False,E,4,4,True,conforming,E
8,task,50,4,b,False,E,4,4,True,conforming,E
8,task,50,5,a,False,E,4,4,True,conforming,E
8,task,50,5,b,False,E,4,4,True,conforming,E
8,task,50,6,a,True,E,4,0,True,conforming,E
8,task,50,6,b,True,E,4,0,True,conforming,E
8,task,50,7,a,False,E,4,4,True,conforming,E
8,task,50,7,b,False,E,4,4,True,conforming,E
9,asked,5,1,a,True,D,3,1,True,conforming,D
9,asked,5,1,b,True,D,3,1,True,conforming,D
9,asked,5,2,a,False,D,3,3,True,conforming,D
9,asked,5,2,b,False,C,2,2,True,conforming,C
9,asked,5,3,a,True,C,2,2,True,conforming,C
9,asked,5,3,b,True,C,2,2,True,conforming,C
9,asked,5,4,a,False,C,2,2,True,conforming,C
9,asked,5,4,b,False,D,3,3,True,conforming,D
9,asked,5,5,a,False,C,2,2,True,conforming,C
9,asked,5,5,b,False,E,4,4,True,conforming,E
9,asked,5,6,a,True,D,3,1,True,conforming,D
9,asked,5,6,b,True,E,4,0,True,conforming,E
9,asked,5,7,a,False,D,3,3,True,conforming,D
9,asked,5,7,b,False,E,4,4,True,conforming,E
9,asked,20,1,a,True,C,2,2,True,conforming,C
9,asked,20,1,b,True,D,3,1,True,conforming,D
9,asked,20,2,a,False,D,3,3,True,conforming,D
9,asked,20,2,b,False,C,2,2,True,conforming,C
9,asked,20,3,a,True,C,2,2,True,conforming,C
9,asked,20,3,b,True,C,2,2,True,conforming,C
9,asked,20,4,a,False,D,3,3,True,conforming,D
9,asked,20,4,b,False,E,4,4,True,conforming,E
9,asked,20,5,a,False,E,4,4,True,conforming,E
9,asked,20,5,b,False,E,4,4,True,conforming,E
9,asked,20,6,a,True,C,2,2,True,conforming,C
9,asked,20,6,b,True,E,4,0,True,conforming,E
9,asked,20,7,a,False,E,4,4,True,conforming,E
9,asked,20,7,b,False,E,4,4,True,conforming,E
9,asked,50,1,a,True,C,2,2,True,conforming,C
9,asked,50,1,b,True,E,4,0,True,conforming,E
9,asked,50,2,a,False,D,3,3,True,conforming,D
9,asked,50,2,b,False,C,2,2,True,conforming,C
9,asked,50,3,a,True,C,2,2,True,conforming,C
9,asked,50,3,b,True,A,0,4,True,conforming,A
9,asked,50,4,a,False,D,3,3,True,conforming,D
9,asked,50,4,b,False,C,2,2,True,conforming,C
9,asked,50,5,a,False,C,2,2,True,conforming,C
9,asked,50,5,b,False,E,4,4,True,conforming,E
9,asked,50,6,a,True,E,4,0,True,conforming,E
9,asked,50,6,b,True,E,4,0,True,conforming,E
9,asked,50,7,a,False,E,4,4,True,conforming,E
9,asked,50,7,b,False,E,4,4,True,conforming,E
9,asked_other,5,1,a,True,D,3,1,True,conforming,D
9,asked_other,5,1,b,True,E,4,0,True,conforming,E
9,asked_other,5,2,a,False,D,3,3,True,conforming,D
9,asked_other,5,2,b,False,C,2,2,True,conforming,C
9,asked_other,5,3,a,True,C,2,2,True,conforming,C
9,asked_other,5,3,b,True,C,2,2,True,conforming,C
9,asked_other,5,4,a,False,C,2,2,True,conforming,C
9,asked_other,5,4,b,False,D,3,3,True,conforming,D
9,asked_other,5,5,a,False,C,2,2,True,conforming,C
9,asked_other,5,5,b,False,E,4,4,True,conforming,E
9,asked_other,5,6,a,True,D,3,1,True,conforming,D
9,asked_other,5,6,b,True,E,4,0,True,conforming,E
9,asked_other,5,7,a,False,D,3,3,True,conforming,D
9,asked_other,5,7,b,False,E,4,4,True,conforming,E
9,asked_other,20,1,a,True,C,2,2,True,conforming,C
9,asked_other,20,1,b,True,D,3,1,True,conforming,D
9,asked_other,20,2,a,False,D,3,3,True,conforming,D
9,asked_other,20,2,b,False,C,2,2,True,conforming,C
9,asked_other,20,3,a,True,C,2,2,True,conforming,C
9,asked_other,20,3,b,True,C,2,2,True,conforming,C
9,asked_other,20,4,a,False,D,3,3,True,conforming,D
9,asked_other,20,4,b,False,E,4,4,True,conforming,E
9,asked_other,20,5,a,False,E,4,4,True,conforming,E
9,asked_other,20,5,b,False,E,4,4,True,conforming,E
9,asked_other,20,6,a,True,C,2,2,True,conforming,C
9,asked_other,20,6,b,True,E,4,0,True,conforming,E
9,asked_other,20,7,a,False,E,4,4,True,conforming,E
9,asked_other,20,7,b,False,E,4,4,True,conforming,E
9,asked_other,50,1,a,True,C,2,2,True,conforming,C
9,asked_other,50,1,b,True,E,4,0,True,conforming,E
9,asked_other,50,2,a,False,D,3,3,True,conforming,D
9,asked_other,50,2,b,False,C,2,2,True,conforming,C
9,asked_other,50,3,a,True,C,2,2,True,conforming,C
9,asked_other,50,3,b,True,A,0,4,True,conforming,A
9,asked_other,50,4,a,False,C,2,2,True,conforming,C
9,asked_other,50,4,b,False,C,2,2,True,conforming,C
9,asked_other,50,5,a,False,C,2,2,True,conforming,C
9,asked_other,50,5,b,False,E,4,4,True,conforming,E
9,asked_other,50,6,a,True,E,4,0,True,conforming,E
9,asked_other,50,6,b,True,E,4,0,True,conforming,E
9,asked_other,50,7,a,False,E,4,4,True,conforming,E
9,asked_other,50,7,b,False,E,4,4,True,conforming,E
9,task,5,1,a,True,C,2,2,True,conforming,C
9,task,5,1,b,True,C,2,2,True,conforming,C
9,task,5,2,a,False,D,3,3,True,conforming,D
9,task,5,2,b,False,C,2,2,True,conforming,C
9,task,5,3,a,True,C,2,2,True,conforming,C
9,task,5,3,b,True,C,2,2,True,conforming,C
9,task,5,4,a,False,C,2,2,True,conforming,C
9,task,5,4,b,False,E,4,4,True,conforming,E
9,task,5,5,a,False,C,2,2,True,conforming,C
9,task,5,5,b,False,E,4,4,True,conforming,E
9,task,5,6,a,True,C,2,2,True,conforming,C
9,task,5,6,b,True,E,4,0,True,conforming,E
9,task,5,7,a,False,E,4,4,True,conforming,E
9,task,5,7,b,False,E,4,4,True,conforming,E
9,task,20,1,a,True,C,2,2,True,conforming,C
9,task,20,1,b,True,E,4,0,True,conforming,E
9,task,20,2,a,False,D,3,3,True,conforming,D
9,task,20,2,b,False,C,2,2,True,conforming,C
9,task,20,3,a,True,C,2,2,True,conforming,C
9,task,20,3,b,True,A,0,4,True,conforming,A
9,task,20,4,a,False,E,4,4,True,conforming,E
9,task,20,4,b,False,E,4,4,True,conforming,E
9,task,20,5,a,False,C,2,2,True,conforming,C
9,task,20,5,b,False,E,4,4,True,conforming,E
9,task,20,6,a,True,E,4,0,True,conforming,E
9,task,20,6,b,True,E,4,0,True,conforming,E
9,task,20,7,a,False,E,4,4,True,conforming,E
9,task,20,7,b,False,E,4,4,True,conforming,E
9,task,50,1,a,True,C,2,2,True,conforming,C
9,task,50,1,b,True,D,3,1,True,conforming,D
9,task,50,2,a,False,D,3,3,True,conforming,D
9,task,50,2,b,False,C,2,2,True,conforming,C
9,task,50,3,a,True,C,2,2,True,conforming,C
9,task,50,3,b,True,A,0,4,True,conforming,A
9,task,50,4,a,False,D,3,3,True,conforming,D
9,task,50,4,b,False,E,4,4,True,conforming,E
9,task,50,5,a,False,E,4,4,True,conforming,E
9,task,50,5,b,False,E,4,4,True,conforming,E
9,task,50,6,a,True,E,4,0,True,conforming,E
9,task,50,6,b,True,D,3,1,True,conforming,D
9,task,50,7,a,False,E,4,4,True,conforming,E
9,task,50,7,b,False,E,4,4,True,conforming,E
10,asked,5,1,a,True,C,2,2,True,conforming,C
10,asked,5,1,b,True,D,3,1,True,conforming,D
10,asked,5,2,a,False,D,3,3,True,conforming,D
10,asked,5,2,b,False,C,2,2,True,conforming,C
10,asked,5,3,a,True,C,2,2,True,conforming,C
10,asked,5,3,b,True,C,2,2,True,conforming,C
10,asked,5,4,a,False,C,2,2,True,conforming,C
10,asked,5,4,b,False,E,4,4,True,conforming,E
10,asked,5,5,a,False,E,4,4,True,conforming,E
10,asked,5,5,b,False,E,4,4,True,conforming,E
10,asked,5,6,a,True,E,4,0,True,conforming,E
10,asked,5,6,b,True,E,4,0,True,conforming,E
10,asked,5,7,a,False,E,4,4,True,conforming,E
10,asked,5,7,b,False,E,4,4,True,conforming,E
10,asked,20,1,a,True,C,2,2,True,conforming,C
10,asked,20,1,b,True,E,4,0,True,conforming,E
10,asked,20,2,a,False,D,3,3,True,conforming,D
10,asked,20,2,b,False,C,2,2,True,conforming,C
10,asked,20,3,a,True,C,2,2,True,conforming,C
10,asked,20,3,b,True,C,2,2,True,conforming,C
10,asked,20,4,a,False,C,2,2,True,conforming,C
10,asked,20,4,b,False,E,4,4,True,conforming,E
10,asked,20,5,a,False,E,4,4,True,conforming,E
10,asked,20,5,b,False,E,4,4,True,conforming,E
10,asked,20,6,a,True,C,2,2,True,conforming,C
10,asked,20,6,b,True,E,4,0,True,conforming,E
10,asked,20,7,a,False,E,4,4,True,conforming,E
10,asked,20,7,b,False,E,4,4,True,conforming,E
10,asked,50,1,a,True,E,4,0,True,conforming,E
10,asked,50,1,b,True,E,4,0,True,conforming,E
10,asked,50,2,a,False,E,4,4,True,conforming,E
10,asked,50,2,b,False,E,4,4,True,conforming,E
10,asked,50,3,a,True,C,2,2,True,conforming,C
10,asked,50,3,b,True,C,2,2,True,conforming,C
10,asked,50,4,a,False,E,4,4,True,conforming,E
10,asked,50,4,b,False,E,4,4,True,conforming,E
10,asked,50,5,a,False,E,4,4,True,conforming,E
10,asked,50,5,b,False,E,4,4,True,conforming,E
10,asked,50,6,a,True,E,4,0,True,conforming,E
10,asked,50,6,b,True,E,4,0,True,conforming,E
10,asked,50,7,a,False,E,4,4,True,conforming,E
10,asked,50,7,b,False,E,4,4,True,conforming,E
10,asked_other,5,1,a,True,D,3,1,True,conforming,D
10,asked_other,5,1,b,True,E,4,0,True,conforming,E
10,asked_other,5,2,a,False,D,3,3,True,conforming,D
10,asked_other,5,2,b,False,C,2,2,True,conforming,C
10,asked_other,5,3,a,True,C,2,2,True,conforming,C
10,asked_other,5,3,b,True,C,2,2,True,conforming,C
10,asked_other,5,4,a,False,C,2,2,True,conforming,C
10,asked_other,5,4,b,False,E,4,4,True,conforming,E
10,asked_other,5,5,a,False,E,4,4,True,conforming,E
10,asked_other,5,5,b,False,E,4,4,True,conforming,E
10,asked_other,5,6,a,True,E,4,0,True,conforming,E
10,asked_other,5,6,b,True,E,4,0,True,conforming,E
10,asked_other,5,7,a,False,E,4,4,True,conforming,E
10,asked_other,5,7,b,False,E,4,4,True,conforming,E
10,asked_other,20,1,a,True,C,2,2,True,conforming,C
10,asked_other,20,1,b,True,E,4,0,True,conforming,E
10,asked_other,20,2,a,False,D,3,3,True,conforming,D
10,asked_other,20,2,b,False,C,2,2,True,conforming,C
10,asked_other,20,3,a,True,C,2,2,True,conforming,C
10,asked_other,20,3,b,True,C,2,2,True,conforming,C
10,asked_other,20,4,a,False,E,4,4,True,conforming,E
10,asked_other,20,4,b,False,E,4,4,True,conforming,E
10,asked_other,20,5,a,False,E,4,4,True,conforming,E
10,asked_other,20,5,b,False,E,4,4,True,conforming,E
10,asked_other,20,6,a,True,C,2,2,True,conforming,C
10,asked_other,20,6,b,True,E,4,0,True,conforming,E
10,asked_other,20,7,a,False,E,4,4,True,conforming,E
10,asked_other,20,7,b,False,E,4,4,True,conforming,E
10,asked_other,50,1,a,True,E,4,0,True,conforming,E
10,asked_other,50,1,b,True,E,4,0,True,conforming,E
10,asked_other,50,2,a,False,D,3,3,True,conforming,D
10,asked_other,50,2,b,False,C,2,2,True,conforming,C
10,asked_other,50,3,a,True,C,2,2,True,conforming,C
10,asked_other,50,3,b,True,A,0,4,True,conforming,A
10,asked_other,50,4,a,False,D,3,3,True,conforming,D
10,asked_other,50,4,b,False,C,2,2,True,conforming,C
10,asked_other,50,5,a,False,C,2,2,True,conforming,C
10,asked_other,50,5,b,False,E,4,4,True,conforming,E
10,asked_other,50,6,a,True,C,2,2,True,conforming,C
10,asked_other,50,6,b,True,E,4,0,True,conforming,E
10,asked_other,50,7,a,False,E,4,4,True,conforming,E
10,asked_other,50,7,b,False,E,4,4,True,conforming,E
10,task,5,1,a,True,C,2,2,True,conforming,C
10,task,5,1,b,True,E,4,0,True,conforming,E
10,task,5,2,a,False,D,3,3,True,conforming,D
10,task,5,2,b,False,A,0,0,True,conforming,A
10,task,5,3,a,True,C,2,2,True,conforming,C
10,task,5,3,b,True,A,0,4,True,conforming,A
10,task,5,4,a,False,A,0,0,True,conforming,A
10,task,5,4,b,False,C,2,2,True,conforming,C
10,task,5,5,a,False,C,2,2,True,conforming,C
10,task,5,5,b,False,E,4,4,True,conforming,E
10,task,5,6,a,True,E,4,0,True,conforming,E
10,task,5,6,b,True,E,4,0,True,conforming,E
10,task,5,7,a,False,E,4,4,True,conforming,E
10,task,5,7,b,False,E,4,4,True,conforming,E
10,task,20,1,a,True,C,2,2,True,conforming,C
10,task,20,1,b,True,E,4,0,True,conforming,E
10,task,20,2,a,False,E,4,4,True,conforming,E
10,task,20,2,b,False,A,0,0,True,conforming,A
10,task,20,3,a,True,C,2,2,True,conforming,C
10,task,20,3,b,True,A,0,4,True,conforming,A
10,task,20,4,a,False,E,4,4,True,conforming,E
10,task,20,4,b,False,E,4,4,True,conforming,E
10,task,20,5,a,False,E,4,4,True,conforming,E
10,task,20,5,b,False,E,4,4,True,conforming,E
10,task,20,6,a,True,E,4,0,True,conforming,E
10,task,20,6,b,True,E,4,0,True,conforming,E
10,task,20,7,a,False,E,4,4,True,conforming,E
10,task,20,7,b,False,E,4,4,True,conforming,E
10,task,50,1,a,True,C,2,2,True,conforming,C
10,task,50,1,b,True,E,4,0,True,conforming,E
10,task,50,2,a,False,D,3,3,True,conforming,D
10,task,50,2,b,False,C,2,2,True,conforming,C
10,task,50,3,a,True,C,2,2,True,conforming,C
10,task,50,3,b,True,C,2,2,True,conforming,C
10,task,50,4,a,False,E,4,4,True,conforming,E
10,task,50,4,b,False,E,4,4,True,conforming,E
10,task,50,5,a,False,E,4,4,True,conforming,E
10,task,50,5,b,False,E,4,4,True,conforming,E
10,task,50,6,a,True,E,4,0,True,conforming,E
10,task,50,6,b,True,E,4,0,True,conforming,E
10,task,50,7,a,False,E,4,4,True,conforming,E
10,task,50,7,b,False,E,4,4,True,conforming,E
11,asked,5,1,a,True,C,2,2,True,conforming,C
11,asked,5,1,b,True,E,4,0,True,conforming,E
11,asked,5,2,a,False,E,4,4,True,conforming,E
11,asked,5,2,b,False,C,2,2,True,conforming,C
11,asked,5,3,a,True,C,2,2,True,conforming,C
11,asked,5,3,b,True,C,2,2,True,conforming,C
11,asked,5,4,a,False,C,2,2,True,conforming,C
11,asked,5,4,b,False,C,2,2,True,conforming,C
11,asked,5,5,a,False,C,2,2,True,conforming,C
11,asked,5,5,b,False,E,4,4,True,conforming,E
11,asked,5,6,a,True,C,2,2,True,conforming,C
11,asked,5,6,b,True,E,4,0,True,conforming,E
11,asked,5,7,a,False,E,4,4,True,conforming,E
11,asked,5,7,b,False,E,4,4,True,conforming,E
11,asked,20,1,a,True,C,2,2,True,conforming,C
11,asked,20,1,b,True,E,4,0,True,conforming,E
11,asked,20,2,a,False,E,4,4,True,conforming,E
11,asked,20,2,b,False,A,0,0,True,conforming,A
11,asked,20,3,a,True,C,2,2,True,conforming,C
11,asked,20,3,b,True,C,2,2,True,conforming,C
11,asked,20,4,a,False,C,2,2,True,conforming,C
11,asked,20,4,b,False,E,4,4,True,conforming,E
11,asked,20,5,a,False,C,2,2,True,conforming,C
11,asked,20,5,b,False,E,4,4,True,conforming,E
11,asked,20,6,a,True,C,2,2,True,conforming,C
11,asked,20,6,b,True,E,4,0,True,conforming,E
11,asked,20,7,a,False,E,4,4,True,conforming,E
11,asked,20,7,b,False,E,4,4,True,conforming,E
11,asked,50,1,a,True,C,2,2,True,conforming,C
11,asked,50,1,b,True,C,2,2,True,conforming,C
11,asked,50,2,a,False,D,3,3,True,conforming,D
11,asked,50,2,b,False,C,2,2,True,conforming,C
11,asked,50,3,a,True,C,2,2,True,conforming,C
11,asked,50,3,b,True,C,2,2,True,conforming,C
11,asked,50,4,a,False,E,4,4,True,conforming,E
11,asked,50,4,b,False,E,4,4,True,conforming,E
11,asked,50,5,a,False,C,2,2,True,conforming,C
11,asked,50,5,b,False,E,4,4,True,conforming,E
11,asked,50,6,a,True,C,2,2,True,conforming,C
11,asked,50,6,b,True,E,4,0,True,conforming,E
11,asked,50,7,a,False,E,4,4,True,conforming,E
11,asked,50,7,b,False,E,4,4,True,conforming,E
11,asked_other,5,1,a,True,C,2,2,True,conforming,C
11,asked_other,5,1,b,True,E,4,0,True,conforming,E
11,asked_other,5,2,a,False,D,3,3,True,conforming,D
11,asked_other,5,2,b,False,C,2,2,True,conforming,C
11,asked_other,5,3,a,True,C,2,2,True,conforming,C
11,asked_other,5,3,b,True,A,0,4,True,conforming,A
11,asked_other,5,4,a,False,E,4,4,True,conforming,E
11,asked_other,5,4,b,False,E,4,4,True,conforming,E
11,asked_other,5,5,a,False,C,2,2,True,conforming,C
11,asked_other,5,5,b,False,E,4,4,True,conforming,E
11,asked_other,5,6,a,True,C,2,2,True,conforming,C
11,asked_other,5,6,b,True,E,4,0,True,conforming,E
11,asked_other,5,7,a,False,E,4,4,True,conforming,E
11,asked_other,5,7,b,False,E,4,4,True,conforming,E
11,asked_other,20,1,a,True,C,2,2,True,conforming,C
11,asked_other,20,1,b,True,E,4,0,True,conforming,E
11,asked_other,20,2,a,False,C,2,2,True,conforming,C
11,asked_other,20,2,b,False,C,2,2,True,conforming,C
11,asked_other,20,3,a,True,C,2,2,True,conforming,C
11,asked_other,20,3,b,True,C,2,2,True,conforming,C
11,asked_other,20,4,a,False,C,2,2,True,conforming,C
11,asked_other,20,4,b,False,E,4,4,True,conforming,E
11,asked_other,20,5,a,False,C,2,2,True,conforming,C
11,asked_other,20,5,b,False,E,4,4,True,conforming,E
11,asked_other,20,6,a,True,C,2,2,True,conforming,C
11,asked_other,20,6,b,True,E,4,0,True,conforming,E
11,asked_other,20,7,a,False,E,4,4,True,conforming,E
11,asked_other,20,7,b,False,E,4,4,True,conforming,E
11,asked_other,50,1,a,True,C,2,2,True,conforming,C
11,asked_other,50,1,b,True,E,4,0,True,conforming,E
11,asked_other,50,2,a,False,D,3,3,True,conforming,D
11,asked_other,50,2,b,False,C,2,2,True,conforming,C
11,asked_other,50,3,a,True,C,2,2,True,conforming,C
11,asked_other,50,3,b,True,C,2,2,True,conforming,C
11,asked_other,50,4,a,False,E,4,4,True,conforming,E
11,asked_other,50,4,b,False,C,2,2,True,conforming,C
11,asked_other,50,5,a,False,C,2,2,True,conforming,C
11,asked_other,50,5,b,False,E,4,4,True,conforming,E
11,asked_other,50,6,a,True,C,2,2,True,conforming,C
11,asked_other,50,6,b,True,E,4,0,True,conforming,E
11,asked_other,50,7,a,False,E,4,4,True,conforming,E
11,asked_other,50,7,b,False,E,4,4,True,conforming,E
11,task,5,1,a,True,C,2,2,True,conforming,C
11,task,5,1,b,True,E,4,0,True,conforming,E
11,task,5,2,a,False,E,4,4,True,conforming,E
11,task,5,2,b,False,A,0,0,True,conforming,A
11,task,5,3,a,True,C,2,2,True,conforming,C
11,task,5,3,b,True,A,0,4,True,conforming,A
11,task,5,4,a,False,A,0,0,True,conforming,A
11,task,5,4,b,False,C,2,2,True,conforming,C
11,task,5,5,a,False,C,2,2,True,conforming,C
11,task,5,5,b,False,E,4,4,True,conforming,E
11,task,5,6,a,True,E,4,0,True,conforming,E
11,task,5,6,b,True,E,4,0,True,conforming,E
11,task,5,7,a,False,E,4,4,True,conforming,E
11,task,5,7,b,False,E,4,4,True,conforming,E
11,task,20,1,a,True,C,2,2,True,conforming,C
11,task,20,1,b,True,E,4,0,True,conforming,E
11,task,20,2,a,False,E,4,4,True,conforming,E
11,task,20,2,b,False,A,0,0,True,conforming,A
11,task,20,3,a,True,C,2,2,True,conforming,C
11,task,20,3,b,True,A,0,4,True,conforming,A
11,task,20,4,a,False,A,0,0,True,conforming,A
11,task,20,4,b,False,E,4,4,True,conforming,E
11,task,20,5,a,False,E,4,4,True,conforming,E
11,task,20,5,b,False,E,4,4,True,conforming,E
11,task,20,6,a,True,E,4,0,True,conforming,E
11,task,20,6,b,True,E,4,0,True,conforming,E
11,task,20,7,a,False,E,4,4,True,conforming,E
11,task,20,7,b,False,E,4,4,True,conforming,E
11,task,50,1,a,True,C,2,2,True,conforming,C
11,task,50,1,b,True,E,4,0,True,conforming,E
11,task,50,2,a,False,E,4,4,True,conforming,E
11,task,50,2,b,False,A,0,0,True,conforming,A
11,task,50,3,a,True,C,2,2,True,conforming,C
11,task,50,3,b,True,C,2,2,True,conforming,C
11,task,50,4,a,False,E,4,4,True,conforming,E
11,task,50,4,b,False,E,4,4,True,conforming,E
11,task,50,5,a,False,E,4,4,True,conforming,E
11,task,50,5,b,False,E,4,4,True,conforming,E
11,task,50,6,a,True,E,4,0,True,conforming,E
11,task,50,6,b,True,E,4,0,True,conforming,E
11,task,50,7,a,False,E,4,4,True,conforming,E
11,task,50,7,b,False,E,4,4,True,conforming,E
12,asked,5,1,a,True,C,2,2,True,conforming,C
12,asked,5,1,b,True,D,3,1,True,conforming,D
12,asked,5,2,a,False,D,3,3,True,conforming,D
12,asked,5,2,b,False,C,2,2,True,conforming,C
12,asked,5,3,a,True,C,2,2,True,conforming,C
12,asked,5,3,b,True,C,2,2,True,conforming,C
12,asked,5,4,a,False,C,2,2,True,conforming,C
12,asked,5,4,b,False,D,3,3,True,conforming,D
12,asked,5,5,a,False,D,3,3,True,conforming,D
12,asked,5,5,b,False,E,4,4,True,conforming,E
12,asked,5,6,a,True,D,3,1,True,conforming,D
12,asked,5,6,b,True,E,4,0,True,conforming,E
12,asked,5,7,a,False,D,3,3,True,conforming,D
12,asked,5,7,b,False,E,4,4,True,conforming,E
12,asked,20,1,a,True,E,4,0,True,conforming,E
12,asked,20,1,b,True,D,3,1,True,conforming,D
12,asked,20,2,a,False,D,3,3,True,conforming,D
12,asked,20,2,b,False,C,2,2,True,conforming,C
12,asked,20,3,a,True,C,2,2,True,conforming,C
12,asked,20,3,b,True,C,2,2,True,conforming,C
12,asked,20,4,a,False,C,2,2,True,conforming,C
12,asked,20,4,b,False,E,4,4,True,conforming,E
12,asked,20,5,a,False,E,4,4,True,conforming,E
12,asked,20,5,b,False,E,4,4,True,conforming,E
12,asked,20,6,a,True,C,2,2,True,conforming,C
12,asked,20,6,b,True,E,4,0,True,conforming,E
12,asked,20,7,a,False,E,4,4,True,conforming,E
12,asked,20,7,b,False,E,4,4,True,conforming,E
12,asked,50,1,a,True,E,4,0,True,conforming,E
12,asked,50,1,b,True,E,4,0,True,conforming,E
12,asked,50,2,a,False,D,3,3,True,conforming,D
12,asked,50,2,b,False,C,2,2,True,conforming,C
12,asked,50,3,a,True,C,2,2,True,conforming,C
12,asked,50,3,b,True,A,0,4,True,conforming,A
12,asked,50,4,a,False,C,2,2,True,conforming,C
12,asked,50,4,b,False,C,2,2,True,conforming,C
12,asked,50,5,a,False,E,4,4,True,conforming,E
12,asked,50,5,b,False,E,4,4,True,conforming,E
12,asked,50,6,a,True,E,4,0,True,conforming,E
12,asked,50,6,b,True,E,4,0,True,conforming,E
12,asked,50,7,a,False,E,4,4,True,conforming,E
12,asked,50,7,b,False,E,4,4,True,conforming,E
12,asked_other,5,1,a,True,D,3,1,True,conforming,D
12,asked_other,5,1,b,True,E,4,0,True,conforming,E
12,asked_other,5,2,a,False,D,3,3,True,conforming,D
12,asked_other,5,2,b,False,C,2,2,True,conforming,C
12,asked_other,5,3,a,True,C,2,2,True,conforming,C
12,asked_other,5,3,b,True,C,2,2,True,conforming,C
12,asked_other,5,4,a,False,C,2,2,True,conforming,C
12,asked_other,5,4,b,False,D,3,3,True,conforming,D
12,asked_other,5,5,a,False,D,3,3,True,conforming,D
12,asked_other,5,5,b,False,D,3,3,True,conforming,D
12,asked_other,5,6,a,True,D,3,1,True,conforming,D
12,asked_other,5,6,b,True,D,3,1,True,conforming,D
12,asked_other,5,7,a,False,D,3,3,True,conforming,D
12,asked_other,5,7,b,False,E,4,4,True,conforming,E
12,asked_other,20,1,a,True,E,4,0,True,conforming,E
12,asked_other,20,1,b,True,E,4,0,True,conforming,E
12,asked_other,20,2,a,False,D,3,3,True,conforming,D
12,asked_other,20,2,b,False,C,2,2,True,conforming,C
12,asked_other,20,3,a,True,E,4,0,True,conforming,E
12,asked_other,20,3,b,True,C,2,2,True,conforming,C
12,asked_other,20,4,a,False,C,2,2,True,conforming,C
12,asked_other,20,4,b,False,E,4,4,True,conforming,E
12,asked_other,20,5,a,False,E,4,4,True,conforming,E
12,asked_other,20,5,b,False,E,4,4,True,conforming,E
12,asked_other,20,6,a,True,C,2,2,True,conforming,C
12,asked_other,20,6,b,True,E,4,0,True,conforming,E
12,asked_other,20,7,a,False,E,4,4,True,conforming,E
12,asked_other,20,7,b,False,E,4,4,True,conforming,E
12,asked_other,50,1,a,True,E,4,0,True,conforming,E
12,asked_other,50,1,b,True,E,4,0,True,conforming,E
12,asked_other,50,2,a,False,D,3,3,True,conforming,D
12,asked_other,50,2,b,False,C,2,2,True,conforming,C
12,asked_other,50,3,a,True,C,2,2,True,conforming,C
12,asked_other,50,3,b,True,A,0,4,True,conforming,A
12,asked_other,50,4,a,False,C,2,2,True,conforming,C
12,asked_other,50,4,b,False,C,2,2,True,conforming,C
12,asked_other,50,5,a,False,E,4,4,True,conforming,E
12,asked_other,50,5,b,False,E,4,4,True,conforming,E
12,asked_other,50,6,a,True,E,4,0,True,conforming,E
12,asked_other,50,6,b,True,E,4,0,True,conforming,E
12,asked_other,50,7,a,False,E,4,4,True,conforming,E
12,asked_other,50,7,b,False,E,4,4,True,conforming,E
12,task,5,1,a,True,C,2,2,True,conforming,C
12,task,5,1,b,True,D,3,1,True,conforming,D
12,task,5,2,a,False,D,3,3,True,conforming,D
12,task,5,2,b,False,C,2,2,True,conforming,C
12,task,5,3,a,True,C,2,2,True,conforming,C
12,task,5,3,b,True,A,0,4,True,conforming,A
12,task,5,4,a,False,C,2,2,True,conforming,C
12,task,5,4,b,False,D,3,3,True,conforming,D
12,task,5,5,a,False,E,4,4,True,conforming,E
12,task,5,5,b,False,E,4,4,True,conforming,E
12,task,5,6,a,True,D,3,1,True,conforming,D
12,task,5,6,b,True,D,3,1,True,conforming,D
12,task,5,7,a,False,E,4,4,True,conforming,E
12,task,5,7,b,False,E,4,4,True,conforming,E
12,task,20,1,a,True,C,2,2,True,conforming,C
12,task,20,1,b,True,E,4,0,True,conforming,E
12,task,20,2,a,False,E,4,4,True,conforming,E
12,task,20,2,b,False,C,2,2,True,conforming,C
12,task,20,3,a,True,C,2,2,True,conforming,C
12,task,20,3,b,True,A,0,4,True,conforming,A
12,task,20,4,a,False,A,0,0,True,conforming,A
12,task,20,4,b,False,E,4,4,True,conforming,E
12,task,20,5,a,False,E,4,4,True,conforming,E
12,task,20,5,b,False,E,4,4,True,conforming,E
12,task,20,6,a,True,E,4,0,True,conforming,E
12,task,20,6,b,True,E,4,0,True,conforming,E
12,task,20,7,a,False,E,4,4,True,conforming,E
12,task,20,7,b,False,E,4,4,True,conforming,E
12,task,50,1,a,True,C,2,2,True,conforming,C
12,task,50,1,b,True,D,3,1,True,conforming,D
12,task,50,2,a,False,D,3,3,True,conforming,D
12,task,50,2,b,False,C,2,2,True,conforming,C
12,task,50,3,a,True,C,2,2,True,conforming,C
12,task,50,3,b,True,C,2,2,True,conforming,C
12,task,50,4,a,False,E,4,4,True,conforming,E
12,task,50,4,b,False,E,4,4,True,conforming,E
12,task,50,5,a,False,E,4,4,True,conforming,E
12,task,50,5,b,False,E,4,4,True,conforming,E
12,task,50,6,a,True,E,4,0,True,conforming,E
12,task,50,6,b,True,E,4,0,True,conforming,E
12,task,50,7,a,False,E,4,4,True,conforming,E
12,task,50,7,b,False,E,4,4,True,conforming,E
13,asked,5,1,a,True,C,2,2,True,conforming,C
13,asked,5,1,b,True,D,3,1,True,conforming,D
13,asked,5,2,a,False,D,3,3,True,conforming,D
13,asked,5,2,b,False,C,2,2,True,conforming,C
13,asked,5,3,a,True,C,2,2,True,conforming,C
13,asked,5,3,b,True,C,2,2,True,conforming,C
13,asked,5,4,a,False,C,2,2,True,conforming,C
13,asked,5,4,b,False,C,2,2,True,conforming,C
13,asked,5,5,a,False,E,4,4,True,conforming,E
13,asked,5,5,b,False,E,4,4,True,conforming,E
13,asked,5,6,a,True,C,2,2,True,conforming,C
13,asked,5,6,b,True,E,4,0,True,conforming,E
13,asked,5,7,a,False,E,4,4,True,conforming,E
13,asked,5,7,b,False,E,4,4,True,conforming,E
13,asked,20,1,a,True,C,2,2,True,conforming,C
13,asked,20,1,b,True,D,3,1,True,conforming,D
13,asked,20,2,a,False,E,4,4,True,conforming,E
13,asked,20,2,b,False,C,2,2,True,conforming,C
13,asked,20,3,a,True,C,2,2,True,conforming,C
13,asked,20,3,b,True,C,2,2,True,conforming,C
13,asked,20,4,a,False,C,2,2,True,conforming,C
13,asked,20,4,b,False,C,2,2,True,conforming,C
13,asked,20,5,a,False,E,4,4,True,conforming,E
13,asked,20,5,b,False,E,4,4,True,conforming,E
13,asked,20,6,a,True,E,4,0,True,conforming,E
13,asked,20,6,b,True,E,4,0,True,conforming,E
13,asked,20,7,a,False,E,4,4,True,conforming,E
13,asked,20,7,b,False,E,4,4,True,conforming,E
13,asked,50,1,a,True,C,2,2,True,conforming,C
13,asked,50,1,b,True,D,3,1,True,conforming,D
13,asked,50,2,a,False,D,3,3,True,conforming,D
13,asked,50,2,b,False,C,2,2,True,conforming,C
13,asked,50,3,a,True,C,2,2,True,conforming,C
13,asked,50,3,b,True,C,2,2,True,conforming,C
13,asked,50,4,a,False,C,2,2,True,conforming,C
13,asked,50,4,b,False,E,4,4,True,conforming,E
13,asked,50,5,a,False,E,4,4,True,conforming,E
13,asked,50,5,b,False,E,4,4,True,conforming,E
13,asked,50,6,a,True,E,4,0,True,conforming,E
13,asked,50,6,b,True,E,4,0,True,conforming,E
13,asked,50,7,a,False,E,4,4,True,conforming,E
13,asked,50,7,b,False,E,4,4,True,conforming,E
13,asked_other,5,1,a,True,D,3,1,True,conforming,D
13,asked_other,5,1,b,True,D,3,1,True,conforming,D
13,asked_other,5,2,a,False,D,3,3,True,conforming,D
13,asked_other,5,2,b,False,C,2,2,True,conforming,C
13,asked_other,5,3,a,True,C,2,2,True,conforming,C
13,asked_other,5,3,b,True,C,2,2,True,conforming,C
13,asked_other,5,4,a,False,C,2,2,True,conforming,C
13,asked_other,5,4,b,False,D,3,3,True,conforming,D
13,asked_other,5,5,a,False,E,4,4,True,conforming,E
13,asked_other,5,5,b,False,E,4,4,True,conforming,E
13,asked_other,5,6,a,True,C,2,2,True,conforming,C
13,asked_other,5,6,b,True,E,4,0,True,conforming,E
13,asked_other,5,7,a,False,E,4,4,True,conforming,E
13,asked_other,5,7,b,False,E,4,4,True,conforming,E
13,asked_other,20,1,a,True,C,2,2,True,conforming,C
13,asked_other,20,1,b,True,E,4,0,True,conforming,E
13,asked_other,20,2,a,False,E,4,4,True,conforming,E
13,asked_other,20,2,b,False,C,2,2,True,conforming,C
13,asked_other,20,3,a,True,E,4,0,True,conforming,E
13,asked_other,20,3,b,True,C,2,2,True,conforming,C
13,asked_other,20,4,a,False,E,4,4,True,conforming,E
13,asked_other,20,4,b,False,E,4,4,True,conforming,E
13,asked_other,20,5,a,False,E,4,4,True,conforming,E
13,asked_other,20,5,b,False,E,4,4,True,conforming,E
13,asked_other,20,6,a,True,C,2,2,True,conforming,C
13,asked_other,20,6,b,True,E,4,0,True,conforming,E
13,asked_other,20,7,a,False,E,4,4,True,conforming,E
13,asked_other,20,7,b,False,E,4,4,True,conforming,E
13,asked_other,50,1,a,True,C,2,2,True,conforming,C
13,asked_other,50,1,b,True,E,4,0,True,conforming,E
13,asked_other,50,2,a,False,D,3,3,True,conforming,D
13,asked_other,50,2,b,False,C,2,2,True,conforming,C
13,asked_other,50,3,a,True,C,2,2,True,conforming,C
13,asked_other,50,3,b,True,C,2,2,True,conforming,C
13,asked_other,50,4,a,False,E,4,4,True,conforming,E
13,asked_other,50,4,b,False,C,2,2,True,conforming,C
13,asked_other,50,5,a,False,E,4,4,True,conforming,E
13,asked_other,50,5,b,False,E,4,4,True,conforming,E
13,asked_other,50,6,a,True,E,4,0,True,conforming,E
13,asked_other,50,6,b,True,E,4,0,True,conforming,E
13,asked_other,50,7,a,False,E,4,4,True,conforming,E
13,asked_other,50,7,b,False,E,4,4,True,conforming,E
13,task,5,1,a,True,C,2,2,True,conforming,C
13,task,5,1,b,True,E,4,0,True,conforming,E
13,task,5,2,a,False,D,3,3,True,conforming,D
13,task,5,2,b,False,C,2,2,True,conforming,C
13,task,5,3,a,True,C,2,2,True,conforming,C
13,task,5,3,b,True,C,2,2,True,conforming,C
13,task,5,4,a,False,C,2,2,True,conforming,C
13,task,5,4,b,False,E,4,4,True,conforming,E
13,task,5,5,a,False,E,4,4,True,conforming,E
13,task,5,5,b,False,E,4,4,True,conforming,E
13,task,5,6,a,True,E,4,0,True,conforming,E
13,task,5,6,b,True,E,4,0,True,conforming,E
13,task,5,7,a,False,E,4,4,True,conforming,E
13,task,5,7,b,False,E,4,4,True,conforming,E
13,task,20,1,a,True,C,2,2,True,conforming,C
13,task,20,1,b,True,E,4,0,True,conforming,E
13,task,20,2,a,False,E,4,4,True,conforming,E
13,task,20,2,b,False,C,2,2,True,conforming,C
13,task,20,3,a,True,C,2,2,True,conforming,C
13,task,20,3,b,True,A,0,4,True,conforming,A
13,task,20,4,a,False,E,4,4,True,conforming,E
13,task,20,4,b,False,E,4,4,True,conforming,E
13,task,20,5,a,False,E,4,4,True,conforming,E
13,task,20,5,b,False,E,4,4,True,conforming,E
13,task,20,6,a,True,E,4,0,True,conforming,E
13,task,20,6,b,True,E,4,0,True,conforming,E
13,task,20,7,a,False,E,4,4,True,conforming,E
13,task,20,7,b,False,E,4,4,True,conforming,E
13,task,50,1,a,True,C,2,2,True,conforming,C
13,task,50,1,b,True,D,3,1,True,conforming,D
13,task,50,2,a,False,D,3,3,True,conforming,D
13,task,50,2,b,False,C,2,2,True,conforming,C
13,task,50,3,a,True,C,2,2,True,conforming,C
13,task,50,3,b,True,C,2,2,True,conforming,C
13,task,50,4,a,False,E,4,4,True,conforming,E
13,task,50,4,b,False,E,4,4,True,conforming,E
13,task,50,5,a,False,E,4,4,True,conforming,E
13,task,50,5,b,False,E,4,4,True,conforming,E
13,task,50,6,a,True,E,4,0,True,conforming,E
13,task,50,6,b,True,E,4,0,True,conforming,E
13,task,50,7,a,False,E,4,4,True,conforming,E
13,task,50,7,b,False,E,4,4,True,conforming,E
14,asked,5,1,a,True,C,2,2,True,conforming,C
14,asked,5,1,b,True,E,4,0,True,conforming,E
14,asked,5,2,a,False,E,4,4,True,conforming,E
14,asked,5,2,b,False,C,2,2,True,conforming,C
14,asked,5,3,a,True,C,2,2,True,conforming,C
14,asked,5,3,b,True,C,2,2,True,conforming,C
14,asked,5,4,a,False,C,2,2,True,conforming,C
14,asked,5,4,b,False,C,2,2,True,conforming,C
14,asked,5,5,a,False,C,2,2,True,conforming,C
14,asked,5,5,b,False,E,4,4,True,conforming,E
14,asked,5,6,a,True,C,2,2,True,conforming,C
14,asked,5,6,b,True,E,4,0,True,conforming,E
14,asked,5,7,a,False,E,4,4,True,conforming,E
14,asked,5,7,b,False,E,4,4,True,conforming,E
14,asked,20,1,a,True,C,2,2,True,conforming,C
14,asked,20,1,b,True,E,4,0,True,conforming,E
14,asked,20,2,a,False,C,2,2,True,conforming,C
14,asked,20,2,b,False,A,0,0,True,conforming,A
14,asked,20,3,a,True,A,0,4,True,conforming,A
14,asked,20,3,b,True,A,0,4,True,conforming,A
14,asked,20,4,a,False,C,2,2,True,conforming,C
14,asked,20,4,b,False,E,4,4,True,conforming,E
14,asked,20,5,a,False,C,2,2,True,conforming,C
14,asked,20,5,b,False,E,4,4,True,conforming,E
14,asked,20,6,a,True,C,2,2,True,conforming,C
14,asked,20,6,b,True,E,4,0,True,conforming,E
14,asked,20,7,a,False,E,4,4,True,conforming,E
14,asked,20,7,b,False,E,4,4,True,conforming,E
14,asked,50,1,a,True,C,2,2,True,conforming,C
14,asked,50,1,b,True,C,2,2,True,conforming,C
14,asked,50,2,a,False,C,2,2,True,conforming,C
14,asked,50,2,b,False,C,2,2,True,conforming,C
14,asked,50,3,a,True,C,2,2,True,conforming,C
14,asked,50,3,b,True,C,2,2,True,conforming,C
14,asked,50,4,a,False,E,4,4,True,conforming,E
14,asked,50,4,b,False,C,2,2,True,conforming,C
14,asked,50,5,a,False,C,2,2,True,conforming,C
14,asked,50,5,b,False,E,4,4,True,conforming,E
14,asked,50,6,a,True,C,2,2,True,conforming,C
14,asked,50,6,b,True,E,4,0,True,conforming,E
14,asked,50,7,a,False,E,4,4,True,conforming,E
14,asked,50,7,b,False,E,4,4,True,conforming,E
14,asked_other,5,1,a,True,C,2,2,True,conforming,C
14,asked_other,5,1,b,True,E,4,0,True,conforming,E
14,asked_other,5,2,a,False,E,4,4,True,conforming,E
14,asked_other,5,2,b,False,C,2,2,True,conforming,C
14,asked_other,5,3,a,True,C,2,2,True,conforming,C
14,asked_other,5,3,b,True,A,0,4,True,conforming,A
14,asked_other,5,4,a,False,C,2,2,True,conforming,C
14,asked_other,5,4,b,False,E,4,4,True,conforming,E
14,asked_other,5,5,a,False,C,2,2,True,conforming,C
14,asked_other,5,5,b,False,E,4,4,True,conforming,E
14,asked_other,5,6,a,True,C,2,2,True,conforming,C
14,asked_other,5,6,b,True,E,4,0,True,conforming,E
14,asked_other,5,7,a,False,E,4,4,True,conforming,E
14,asked_other,5,7,b,False,E,4,4,True,conforming,E
14,asked_other,20,1,a,True,C,2,2,True,conforming,C
14,asked_other,20,1,b,True,E,4,0,True,conforming,E
14,asked_other,20,2,a,False,C,2,2,True,conforming,C
14,asked_other,20,2,b,False,A,0,0,True,conforming,A
14,asked_other,20,3,a,True,E,4,0,True,conforming,E
14,asked_other,20,3,b,True,A,0,4,True,conforming,A
14,asked_other,20,4,a,False,C,2,2,True,conforming,C
14,asked_other,20,4,b,False,E,4,4,True,conforming,E
14,asked_other,20,5,a,False,C,2,2,True,conforming,C
14,asked_other,20,5,b,False,E,4,4,True,conforming,E
14,asked_other,20,6,a,True,C,2,2,True,conforming,C
14,asked_other,20,6,b,True,E,4,0,True,conforming,E
14,asked_other,20,7,a,False,E,4,4,True,conforming,E
14,asked_other,20,7,b,False,E,4,4,True,conforming,E
14,asked_other,50,1,a,True,C,2,2,True,conforming,C
14,asked_other,50,1,b,True,C,2,2,True,conforming,C
14,asked_other,50,2,a,False,C,2,2,True,conforming,C
14,asked_other,50,2,b,False,C,2,2,True,conforming,C
14,asked_other,50,3,a,True,E,4,0,True,conforming,E
14,asked_other,50,3,b,True,C,2,2,True,conforming,C
14,asked_other,50,4,a,False,E,4,4,True,conforming,E
14,asked_other,50,4,b,False,C,2,2,True,conforming,C
14,asked_other,50,5,a,False,C,2,2,True,conforming,C
14,asked_other,50,5,b,False,E,4,4,True,conforming,E
14,asked_other,50,6,a,True,C,2,2,True,conforming,C
14,asked_other,50,6,b,True,E,4,0,True,conforming,E
14,asked_other,50,7,a,False,E,4,4,True,conforming,E
14,asked_other,50,7,b,False,E,4,4,True,conforming,E
14,task,5,1,a,True,C,2,2,True,conforming,C
14,task,5,1,b,True,E,4,0,True,conforming,E
14,task,5,2,a,False,E,4,4,True,conforming,E
14,task,5,2,b,False,A,0,0,True,conforming,A
14,task,5,3,a,True,C,2,2,True,conforming,C
14,task,5,3,b,True,A,0,4,True,conforming,A
14,task,5,4,a,False,A,0,0,True,conforming,A
14,task,5,4,b,False,C,2,2,True,conforming,C
14,task,5,5,a,False,E,4,4,True,conforming,E
14,task,5,5,b,False,E,4,4,True,conforming,E
14,task,5,6,a,True,E,4,0,True,conforming,E
14,task,5,6,b,True,E,4,0,True,conforming,E
14,task,5,7,a,False,E,4,4,True,conforming,E
14,task,5,7,b,False,E,4,4,True,conforming,E
14,task,20,1,a,True,C,2,2,True,conforming,C
14,task,20,1,b,True,E,4,0,True,conforming,E
14,task,20,2,a,False,E,4,4,True,conforming,E
14,task,20,2,b,False,A,0,0,True,conforming,A
14,task,20,3,a,True,C,2,2,True,conforming,C
14,task,20,3,b,True,A,0,4,True,conforming,A
14,task,20,4,a,False,A,0,0,True,conforming,A
14,task,20,4,b,False,E,4,4,True,conforming,E
14,task,20,5,a,False,E,4,4,True,conforming,E
14,task,20,5,b,False,E,4,4,True,conforming,E
14,task,20,6,a,True,E,4,0,True,conforming,E
14,task,20,6,b,True,E,4,0,True,conforming,E
14,task,20,7,a,False,E,4,4,True,conforming,E
14,task,20,7,b,False,E,4,4,True,conforming,E
14,task,50,1,a,True,C,2,2,True,conforming,C
14,task,50,1,b,True,E,4,0,True,conforming,E
14,task,50,2,a,False,D,3,3,True,conforming,D
14,task,50,2,b,False,A,0,0,True,conforming,A
14,task,50,3,a,True,C,2,2,True,conforming,C
14,task,50,3,b,True,C,2,2,True,conforming,C
14,task,50,4,a,False,E,4,4,True,conforming,E
14,task,50,4,b,False,E,4,4,True,conforming,E
14,task,50,5,a,False,E,4,4,True,conforming,E
14,task,50,5,b,False,E,4,4,True,conforming,E
14,task,50,6,a,True,E,4,0,True,conforming,E
14,task,50,6,b,True,E,4,0,True,conforming,E
14,task,50,7,a,False,E,4,4,True,conforming,E
14,task,50,7,b,False,E,4,4,True,conforming,E
15,asked,5,1,a,True,C,2,2,True,conforming,C
15,asked,5,1,b,True,D,3,1,True,conforming,D
15,asked,5,2,a,False,D,3,3,True,conforming,D
15,asked,5,2,b,False,C,2,2,True,conforming,C
15,asked,5,3,a,True,C,2,2,True,conforming,C
15,asked,5,3,b,True,C,2,2,True,conforming,C
15,asked,5,4,a,False,C,2,2,True,conforming,C
15,asked,5,4,b,False,D,3,3,True,conforming,D
15,asked,5,5,a,False,E,4,4,True,conforming,E
15,asked,5,5,b,False,E,4,4,True,conforming,E
15,asked,5,6,a,True,D,3,1,True,conforming,D
15,asked,5,6,b,True,E,4,0,True,conforming,E
15,asked,5,7,a,False,D,3,3,True,conforming,D
15,asked,5,7,b,False,E,4,4,True,conforming,E
15,asked,20,1,a,True,C,2,2,True,conforming,C
15,asked,20,1,b,True,D,3,1,True,conforming,D
15,asked,20,2,a,False,D,3,3,True,conforming,D
15,asked,20,2,b,False,C,2,2,True,conforming,C
15,asked,20,3,a,True,C,2,2,True,conforming,C
15,asked,20,3,b,True,C,2,2,True,conforming,C
15,asked,20,4,a,False,C,2,2,True,conforming,C
15,asked,20,4,b,False,E,4,4,True,conforming,E
15,asked,20,5,a,False,C,2,2,True,conforming,C
15,asked,20,5,b,False,E,4,4,True,conforming,E
15,asked,20,6,a,True,C,2,2,True,conforming,C
15,asked,20,6,b,True,E,4,0,True,conforming,E
15,asked,20,7,a,False,E,4,4,True,conforming,E
15,asked,20,7,b,False,E,4,4,True,conforming,E
15,asked,50,1,a,True,E,4,0,True,conforming,E
15,asked,50,1,b,True,E,4,0,True,conforming,E
15,asked,50,2,a,False,D,3,3,True,conforming,D
15,asked,50,2,b,False,C,2,2,True,conforming,C
15,asked,50,3,a,True,C,2,2,True,conforming,C
15,asked,50,3,b,True,A,0,4,True,conforming,A
15,asked,50,4,a,False,E,4,4,True,conforming,E
15,asked,50,4,b,False,C,2,2,True,conforming,C
15,asked,50,5,a,False,C,2,2,True,conforming,C
15,asked,50,5,b,False,E,4,4,True,conforming,E
15,asked,50,6,a,True,E,4,0,True,conforming,E
15,asked,50,6,b,True,E,4,0,True,conforming,E
15,asked,50,7,a,False,E,4,4,True,conforming,E
15,asked,50,7,b,False,E,4,4,True,conforming,E
15,asked_other,5,1,a,True,D,3,1,True,conforming,D
15,asked_other,5,1,b,True,E,4,0,True,conforming,E
15,asked_other,5,2,a,False,D,3,3,True,conforming,D
15,asked_other,5,2,b,False,C,2,2,True,conforming,C
15,asked_other,5,3,a,True,C,2,2,True,conforming,C
15,asked_other,5,3,b,True,C,2,2,True,conforming,C
15,asked_other,5,4,a,False,C,2,2,True,conforming,C
15,asked_other,5,4,b,False,C,2,2,True,conforming,C
15,asked_other,5,5,a,False,C,2,2,True,conforming,C
15,asked_other,5,5,b,False,D,3,3,True,conforming,D
15,asked_other,5,6,a,True,D,3,1,True,conforming,D
15,asked_other,5,6,b,True,E,4,0,True,conforming,E
15,asked_other,5,7,a,False,D,3,3,True,conforming,D
15,asked_other,5,7,b,False,E,4,4,True,conforming,E
15,asked_other,20,1,a,True,C,2,2,True,conforming,C
15,asked_other,20,1,b,True,D,3,1,True,conforming,D
15,asked_other,20,2,a,False,D,3,3,True,conforming,D
15,asked_other,20,2,b,False,C,2,2,True,conforming,C
15,asked_other,20,3,a,True,E,4,0,True,conforming,E
15,asked_other,20,3,b,True,A,0,4,True,conforming,A
15,asked_other,20,4,a,False,D,3,3,True,conforming,D
15,asked_other,20,4,b,False,E,4,4,True,conforming,E
15,asked_other,20,5,a,False,E,4,4,True,conforming,E
15,asked_other,20,5,b,False,E,4,4,True,conforming,E
15,asked_other,20,6,a,True,C,2,2,True,conforming,C
15,asked_other,20,6,b,True,E,4,0,True,conforming,E
15,asked_other,20,7,a,False,E,4,4,True,conforming,E
15,asked_other,20,7,b,False,E,4,4,True,conforming,E
15,asked_other,50,1,a,True,E,4,0,True,conforming,E
15,asked_other,50,1,b,True,E,4,0,True,conforming,E
15,asked_other,50,2,a,False,D,3,3,True,conforming,D
15,asked_other,50,2,b,False,C,2,2,True,conforming,C
15,asked_other,50,3,a,True,C,2,2,True,conforming,C
15,asked_other,50,3,b,True,A,0,4,True,conforming,A
15,asked_other,50,4,a,False,D,3,3,True,conforming,D
15,asked_other,50,4,b,False,C,2,2,True,conforming,C
15,asked_other,50,5,a,False,C,2,2,True,conforming,C
15,asked_other,50,5,b,False,E,4,4,True,conforming,E
15,asked_other,50,6,a,True,E,4,0,True,conforming,E
15,asked_other,50,6,b,True,E,4,0,True,conforming,E
15,asked_other,50,7,a,False,E,4,4,True,conforming,E
15,asked_other,50,7,b,False,E,4,4,True,conforming,E
15,task,5,1,a,True,C,2,2,True,conforming,C
15,task,5,1,b,True,C,2,2,True,conforming,C
15,task,5,2,a,False,D,3,3,True,conforming,D
15,task,5,2,b,False,C,2,2,True,conforming,C
15,task,5,3,a,True,C,2,2,True,conforming,C
15,task,5,3,b,True,A,0,4,True,conforming,A
15,task,5,4,a,False,A,0,0,True,conforming,A
15,task,5,4,b,False,D,3,3,True,conforming,D
15,task,5,5,a,False,C,2,2,True,conforming,C
15,task,5,5,b,False,E,4,4,True,conforming,E
15,task,5,6,a,True,E,4,0,True,conforming,E
15,task,5,6,b,True,E,4,0,True,conforming,E
15,task,5,7,a,False,E,4,4,True,conforming,E
15,task,5,7,b,False,E,4,4,True,conforming,E
15,task,20,1,a,True,C,2,2,True,conforming,C
15,task,20,1,b,True,E,4,0,True,conforming,E
15,task,20,2,a,False,E,4,4,True,conforming,E
15,task,20,2,b,False,A,0,0,True,conforming,A
15,task,20,3,a,True,C,2,2,True,conforming,C
15,task,20,3,b,True,A,0,4,True,conforming,A
15,task,20,4,a,False,E,4,4,True,conforming,E
15,task,20,4,b,False,E,4,4,True,conforming,E
15,task,20,5,a,False,E,4,4,True,conforming,E
15,task,20,5,b,False,E,4,4,True,conforming,E
15,task,20,6,a,True,C,2,2,True,conforming,C
15,task,20,6,b,True,E,4,0,True,conforming,E
15,task,20,7,a,False,E,4,4,True,conforming,E
15,task,20,7,b,False,E,4,4,True,conforming,E
15,task,50,1,a,True,E,4,0,True,conforming,E
15,task,50,1,b,True,E,4,0,True,conforming,E
15,task,50,2,a,False,D,3,3,True,conforming,D
15,task,50,2,b,False,C,2,2,True,conforming,C
15,task,50,3,a,True,C,2,2,True,conforming,C
15,task,50,3,b,True,C,2,2,True,conforming,C
15,task,50,4,a,False,E,4,4,True,conforming,E
15,task,50,4,b,False,E,4,4,True,conforming,E
15,task,50,5,a,False,E,4,4,True,conforming,E
15,task,50,5,b,False,E,4,4,True,conforming,E
15,task,50,6,a,True,E,4,0,True,conforming,E
15,task,50,6,b,True,E,4,0,True,conforming,E
15,task,50,7,a,False,E,4,4,True,conforming,E
15,task,50,7,b,False,E,4,4,True,conforming,E
16,asked,5,1,a,True,E,4,0,True,conforming,E
16,asked,5,1,b,True,E,4,0,True,conforming,E
16,asked,5,2,a,False,D,3,3,True,conforming,D
16,asked,5,2,b,False,C,2,2,True,conforming,C
16,asked,5,3,a,True,C,2,2,True,conforming,C
16,asked,5,3,b,True,C,2,2,True,conforming,C
16,asked,5,4,a,False,C,2,2,True,conforming,C
16,asked,5,4,b,False,E,4,4,True,conforming,E
16,asked,5,5,a,False,E,4,4,True,conforming,E
16,asked,5,5,b,False,E,4,4,True,conforming,E
16,asked,5,6,a,True,E,4,0,True,conforming,E
16,asked,5,6,b,True,E,4,0,True,conforming,E
16,asked,5,7,a,False,E,4,4,True,conforming,E
16,asked,5,7,b,False,E,4,4,True,conforming,E
16,asked,20,1,a,True,C,2,2,True,conforming,C
16,asked,20,1,b,True,D,3,1,True,conforming,D
16,asked,20,2,a,False,D,3,3,True,conforming,D
16,asked,20,2,b,False,C,2,2,True,conforming,C
16,asked,20,3,a,True,C,2,2,True,conforming,C
16,asked,20,3,b,True,C,2,2,True,conforming,C
16,asked,20,4,a,False,C,2,2,True,conforming,C
16,asked,20,4,b,False,E,4,4,True,conforming,E
16,asked,20,5,a,False,C,2,2,True,conforming,C
16,asked,20,5,b,False,E,4,4,True,conforming,E
16,asked,20,6,a,True,C,2,2,True,conforming,C
16,asked,20,6,b,True,E,4,0,True,conforming,E
16,asked,20,7,a,False,E,4,4,True,conforming,E
16,asked,20,7,b,False,E,4,4,True,conforming,E
16,asked,50,1,a,True,E,4,0,True,conforming,E
16,asked,50,1,b,True,E,4,0,True,conforming,E
16,asked,50,2,a,False,D,3,3,True,conforming,D
16,asked,50,2,b,False,C,2,2,True,conforming,C
16,asked,50,3,a,True,C,2,2,True,conforming,C
16,asked,50,3,b,True,A,0,4,True,conforming,A
16,asked,50,4,a,False,C,2,2,True,conforming,C
16,asked,50,4,b,False,E,4,4,True,conforming,E
16,asked,50,5,a,False,E,4,4,True,conforming,E
16,asked,50,5,b,False,E,4,4,True,conforming,E
16,asked,50,6,a,True,C,2,2,True,conforming,C
16,asked,50,6,b,True,E,4,0,True,conforming,E
16,asked,50,7,a,False,E,4,4,True,conforming,E
16,asked,50,7,b,False,E,4,4,True,conforming,E
16,asked_other,5,1,a,True,E,4,0,True,conforming,E
16,asked_other,5,1,b,True,E,4,0,True,conforming,E
16,asked_other,5,2,a,False,D,3,3,True,conforming,D
16,asked_other,5,2,b,False,C,2,2,True,conforming,C
16,asked_other,5,3,a,True,E,4,0,True,conforming,E
16,asked_other,5,3,b,True,C,2,2,True,conforming,C
16,asked_other,5,4,a,False,D,3,3,True,conforming,D
16,asked_other,5,4,b,False,D,3,3,True,conforming,D
16,asked_other,5,5,a,False,E,4,4,True,conforming,E
16,asked_other,5,5,b,False,E,4,4,True,conforming,E
16,asked_other,5,6,a,True,C,2,2,True,conforming,C
16,asked_other,5,6,b,True,E,4,0,True,conforming,E
16,asked_other,5,7,a,False,E,4,4,True,conforming,E
16,asked_other,5,7,b,False,E,4,4,True,conforming,E
16,asked_other,20,1,a,True,C,2,2,True,conforming,C
16,asked_other,20,1,b,True,D,3,1,True,conforming,D
16,asked_other,20,2,a,False,D,3,3,True,conforming,D
16,asked_other,20,2,b,False,C,2,2,True,conforming,C
16,asked_other,20,3,a,True,C,2,2,True,conforming,C
16,asked_other,20,3,b,True,C,2,2,True,conforming,C
16,asked_other,20,4,a,False,C,2,2,True,conforming,C
16,asked_other,20,4,b,False,E,4,4,True,conforming,E
16,asked_other,20,5,a,False,C,2,2,True,conforming,C
16,asked_other,20,5,b,False,E,4,4,True,conforming,E
16,asked_other,20,6,a,True,C,2,2,True,conforming,C
16,asked_other,20,6,b,True,E,4,0,True,conforming,E
16,asked_other,20,7,a,False,E,4,4,True,conforming,E
16,asked_other,20,7,b,False,E,4,4,True,conforming,E
16,asked_other,50,1,a,True,E,4,0,True,conforming,E
16,asked_other,50,1,b,True,E,4,0,True,conforming,E
16,asked_other,50,2,a,False,D,3,3,True,conforming,D
16,asked_other,50,2,b,False,C,2,2,True,conforming,C
16,asked_other,50,3,a,True,C,2,2,True,conforming,C
16,asked_other,50,3,b,True,A,0,4,True,conforming,A
16,asked_other,50,4,a,False,C,2,2,True,conforming,C
16,asked_other,50,4,b,False,E,4,4,True,conforming,E
16,asked_other,50,5,a,False,E,4,4,True,conforming,E
16,asked_other,50,5,b,False,E,4,4,True,conforming,E
16,asked_other,50,6,a,True,C,2,2,True,conforming,C
16,asked_other,50,6,b,True,E,4,0,True,conforming,E
16,asked_other,50,7,a,False,E,4,4,True,conforming,E
16,asked_other,50,7,b,False,E,4,4,True,conforming,E
16,task,5,1,a,True,C,2,2,True,conforming,C
16,task,5,1,b,True,E,4,0,True,conforming,E
16,task,5,2,a,False,E,4,4,True,conforming,E
16,task,5,2,b,False,A,0,0,True,conforming,A
16,task,5,3,a,True,C,2,2,True,conforming,C
16,task,5,3,b,True,C,2,2,True,conforming,C
16,task,5,4,a,False,C,2,2,True,conforming,C
16,task,5,4,b,False,C,2,2,True,conforming,C
16,task,5,5,a,False,C,2,2,True,conforming,C
16,task,5,5,b,False,E,4,4,True,conforming,E
16,task,5,6,a,True,C,2,2,True,conforming,C
16,task,5,6,b,True,E,4,0,True,conforming,E
16,task,5,7,a,False,E,4,4,True,conforming,E
16,task,5,7,b,False,E,4,4,True,conforming,E
16,task,20,1,a,True,C,2,2,True,conforming,C
16,task,20,1,b,True,E,4,0,True,conforming,E
16,task,20,2,a,False,E,4,4,True,conforming,E
16,task,20,2,b,False,A,0,0,True,conforming,A
16,task,20,3,a,True,C,2,2,True,conforming,C
16,task,20,3,b,True,A,0,4,True,conforming,A
16,task,20,4,a,False,A,0,0,True,conforming,A
16,task,20,4,b,False,E,4,4,True,conforming,E
16,task,20,5,a,False,E,4,4,True,conforming,E
16,task,20,5,b,False,E,4,4,True,conforming,E
16,task,20,6,a,True,E,4,0,True,conforming,E
16,task,20,6,b,True,E,4,0,True,conforming,E
16,task,20,7,a,False,E,4,4,True,conforming,E
16,task,20,7,b,False,E,4,4,True,conforming,E
16,task,50,1,a,True,C,2,2,True,conforming,C
16,task,50,1,b,True,E,4,0,True,conforming,E
16,task,50,2,a,False,E,4,4,True,conforming,E
16,task,50,2,b,False,A,0,0,True,conforming,A
16,task,50,3,a,True,C,2,2,True,conforming,C
16,task,50,3,b,True,C,2,2,True,conforming,C
16,task,50,4,a,False,E,4,4,True,conforming,E
16,task,50,4,b,False,E,4,4,True,conforming,E
16,task,50,5,a,False,E,4,4,True,conforming,E
16,task,50,5,b,False,E,4,4,True,conforming,E
16,task,50,6,a,True,C,2,2,True,conforming,C
16,task,50,6,b,True,E,4,0,True,conforming,E
16,task,50,7,a,False,E,4,4,True,conforming,E
16,task,50,7,b,False,E,4,4,True,conforming,E
17,asked,5,1,a,True,E,4,0,True,conforming,E
17,asked,5,1,b,True,D,3,1,True,conforming,D
17,asked,5,2,a,False,D,3,3,True,conforming,D
17,asked,5,2,b,False,C,2,2,True,conforming,C
17,asked,5,3,a,True,C,2,2,True,conforming,C
17,asked,5,3,b,True,C,2,2,True,conforming,C
17,asked,5,4,a,False,C,2,2,True,conforming,C
17,asked,5,4,b,False,E,4,4,True,conforming,E
17,asked,5,5,a,False,E,4,4,True,conforming,E
17,asked,5,5,b,False,E,4,4,True,conforming,E
17,asked,5,6,a,True,E,4,0,True,conforming,E
17,asked,5,6,b,True,E,4,0,True,conforming,E
17,asked,5,7,a,False,E,4,4,True,conforming,E
17,asked,5,7,b,False,E,4,4,True,conforming,E
17,asked,20,1,a,True,C,2,2,True,conforming,C
17,asked,20,1,b,True,D,3,1,True,conforming,D
17,asked,20,2,a,False,D,3,3,True,conforming,D
17,asked,20,2,b,False,C,2,2,True,conforming,C
17,asked,20,3,a,True,C,2,2,True,conforming,C
17,asked,20,3,b,True,A,0,4,True,conforming,A
17,asked,20,4,a,False,C,2,2,True,conforming,C
17,asked,20,4,b,False,E,4,4,True,conforming,E
17,asked,20,5,a,False,C,2,2,True,conforming,C
17,asked,20,5,b,False,E,4,4,True,conforming,E
17,asked,20,6,a,True,C,2,2,True,conforming,C
17,asked,20,6,b,True,E,4,0,True,conforming,E
17,asked,20,7,a,False,E,4,4,True,conforming,E
17,asked,20,7,b,False,E,4,4,True,conforming,E
17,asked,50,1,a,True,C,2,2,True,conforming,C
17,asked,50,1,b,True,D,3,1,True,conforming,D
17,asked,50,2,a,False,D,3,3,True,conforming,D
17,asked,50,2,b,False,C,2,2,True,conforming,C
17,asked,50,3,a,True,C,2,2,True,conforming,C
17,asked,50,3,b,True,C,2,2,True,conforming,C
17,asked,50,4,a,False,C,2,2,True,conforming,C
17,asked,50,4,b,False,C,2,2,True,conforming,C
17,asked,50,5,a,False,C,2,2,True,conforming,C
17,asked,50,5,b,False,E,4,4,True,conforming,E
17,asked,50,6,a,True,C,2,2,True,conforming,C
17,asked,50,6,b,True,E,4,0,True,conforming,E
17,asked,50,7,a,False,E,4,4,True,conforming,E
17,asked,50,7,b,False,E,4,4,True,conforming,E
17,asked_other,5,1,a,True,E,4,0,True,conforming,E
17,asked_other,5,1,b,True,E,4,0,True,conforming,E
17,asked_other,5,2,a,False,D,3,3,True,conforming,D
17,asked_other,5,2,b,False,C,2,2,True,conforming,C
17,asked_other,5,3,a,True,E,4,0,True,conforming,E
17,asked_other,5,3,b,True,C,2,2,True,conforming,C
17,asked_other,5,4,a,False,C,2,2,True,conforming,C
17,asked_other,5,4,b,False,E,4,4,True,conforming,E
17,asked_other,5,5,a,False,E,4,4,True,conforming,E
17,asked_other,5,5,b,False,E,4,4,True,conforming,E
17,asked_other,5,6,a,True,D,3,1,True,conforming,D
17,asked_other,5,6,b,True,D,3,1,True,conforming,D
17,asked_other,5,7,a,False,E,4,4,True,conforming,E
17,asked_other,5,7,b,False,E,4,4,True,conforming,E
17,asked_other,20,1,a,True,C,2,2,True,conforming,C
17,asked_other,20,1,b,True,D,3,1,True,conforming,D
17,asked_other,20,2,a,False,D,3,3,True,conforming,D
17,asked_other,20,2,b,False,C,2,2,True,conforming,C
17,asked_other,20,3,a,True,C,2,2,True,conforming,C
17,asked_other,20,3,b,True,A,0,4,True,conforming,A
17,asked_other,20,4,a,False,C,2,2,True,conforming,C
17,asked_other,20,4,b,False,E,4,4,True,conforming,E
17,asked_other,20,5,a,False,C,2,2,True,conforming,C
17,asked_other,20,5,b,False,E,4,4,True,conforming,E
17,asked_other,20,6,a,True,C,2,2,True,conforming,C
17,asked_other,20,6,b,True,E,4,0,True,conforming,E
17,asked_other,20,7,a,False,E,4,4,True,conforming,E
17,asked_other,20,7,b,False,E,4,4,True,conforming,E
17,asked_other,50,1,a,True,C,2,2,True,conforming,C
17,asked_other,50,1,b,True,D,3,1,True,conforming,D
17,asked_other,50,2,a,False,D,3,3,True,conforming,D
17,asked_other,50,2,b,False,C,2,2,True,conforming,C
17,asked_other,50,3,a,True,C,2,2,True,conforming,C
17,asked_other,50,3,b,True,C,2,2,True,conforming,C
17,asked_other,50,4,a,False,C,2,2,True,conforming,C
17,asked_other,50,4,b,False,C,2,2,True,conforming,C
17,asked_other,50,5,a,False,C,2,2,True,conforming,C
17,asked_other,50,5,b,False,E,4,4,True,conforming,E
17,asked_other,50,6,a,True,C,2,2,True,conforming,C
17,asked_other,50,6,b,True,E,4,0,True,conforming,E
17,asked_other,50,7,a,False,E,4,4,True,conforming,E
17,asked_other,50,7,b,False,E,4,4,True,conforming,E
17,task,5,1,a,True,C,2,2,True,conforming,C
17,task,5,1,b,True,E,4,0,True,conforming,E
17,task,5,2,a,False,D,3,3,True,conforming,D
17,task,5,2,b,False,C,2,2,True,conforming,C
17,task,5,3,a,True,C,2,2,True,conforming,C
17,task,5,3,b,True,C,2,2,True,conforming,C
17,task,5,4,a,False,C,2,2,True,conforming,C
17,task,5,4,b,False,C,2,2,True,conforming,C
17,task,5,5,a,False,C,2,2,True,conforming,C
17,task,5,5,b,False,E,4,4,True,conforming,E
17,task,5,6,a,True,E,4,0,True,conforming,E
17,task,5,6,b,True,D,3,1,True,conforming,D
17,task,5,7,a,False,E,4,4,True,conforming,E
17,task,5,7,b,False,E,4,4,True,conforming,E
17,task,20,1,a,True,C,2,2,True,conforming,C
17,task,20,1,b,True,E,4,0,True,conforming,E
17,task,20,2,a,False,D,3,3,True,conforming,D
17,task,20,2,b,False,A,0,0,True,conforming,A
17,task,20,3,a,True,C,2,2,True,conforming,C
17,task,20,3,b,True,A,0,4,True,conforming,A
17,task,20,4,a,False,A,0,0,True,conforming,A
17,task,20,4,b,False,E,4,4,True,conforming,E
17,task,20,5,a,False,E,4,4,True,conforming,E
17,task,20,5,b,False,E,4,4,True,conforming,E
17,task,20,6,a,True,C,2,2,True,conforming,C
17,task,20,6,b,True,E,4,0,True,conforming,E
17,task,20,7,a,False,E,4,4,True,conforming,E
17,task,20,7,b,False,E,4,4,True,conforming,E
17,task,50,1,a,True,C,2,2,True,conforming,C
17,task,50,1,b,True,D,3,1,True,conforming,D
17,task,50,2,a,False,D,3,3,True,conforming,D
17,task,50,2,b,False,C,2,2,True,conforming,C
17,task,50,3,a,True,C,2,2,True,conforming,C
17,task,50,3,b,True,C,2,2,True,conforming,C
17,task,50,4,a,False,E,4,4,True,conforming,E
17,task,50,4,b,False,E,4,4,True,conforming,E
17,task,50,5,a,False,E,4,4,True,conforming,E
17,task,50,5,b,False,E,4,4,True,conforming,E
17,task,50,6,a,True,E,4,0,True,conforming,E
17,task,50,6,b,True,E,4,0,True,conforming,E
17,task,50,7,a,False,E,4,4,True,conforming,E
17,task,50,7,b,False,E,4,4,True,conforming,E
18,asked,5,1,a,True,C,2,2,True,conforming,C
18,asked,5,1,b,True,D,3,1,True,conforming,D
18,asked,5,2,a,False,D,3,3,True,conforming,D
18,asked,5,2,b,False,C,2,2,True,conforming,C
18,asked,5,3,a,True,C,2,2,True,conforming,C
18,asked,5,3,b,True,C,2,2,True,conforming,C
18,asked,5,4,a,False,D,3,3,True,conforming,D
18,asked,5,4,b,False,D,3,3,True,conforming,D
18,asked,5,5,a,False,E,4,4,True,conforming,E
18,asked,5,5,b,False,E,4,4,True,conforming,E
18,asked,5,6,a,True,D,3,1,True,conforming,D
18,asked,5,6,b,True,D,3,1,True,conforming,D
18,asked,5,7,a,False,D,3,3,True,conforming,D
18,asked,5,7,b,False,E,4,4,True,conforming,E
18,asked,20,1,a,True,C,2,2,True,conforming,C
18,asked,20,1,b,True,D,3,1,True,conforming,D
18,asked,20,2,a,False,D,3,3,True,conforming,D
18,asked,20,2,b,False,C,2,2,True,conforming,C
18,asked,20,3,a,True,C,2,2,True,conforming,C
18,asked,20,3,b,True,C,2,2,True,conforming,C
18,asked,20,4,a,False,C,2,2,True,conforming,C
18,asked,20,4,b,False,E,4,4,True,conforming,E
18,asked,20,5,a,False,C,2,2,True,conforming,C
18,asked,20,5,b,False,E,4,4,True,conforming,E
18,asked,20,6,a,True,C,2,2,True,conforming,C
18,asked,20,6,b,True,E,4,0,True,conforming,E
18,asked,20,7,a,False,E,4,4,True,conforming,E
18,asked,20,7,b,False,E,4,4,True,conforming,E
18,asked,50,1,a,True,C,2,2,True,conforming,C
18,asked,50,1,b,True,C,2,2,True,conforming,C
18,asked,50,2,a,False,D,3,3,True,conforming,D
18,asked,50,2,b,False,C,2,2,True,conforming,C
18,asked,50,3,a,True,C,2,2,True,conforming,C
18,asked,50,3,b,True,A,0,4,True,conforming,A
18,asked,50,4,a,False,D,3,3,True,conforming,D
18,asked,50,4,b,False,C,2,2,True,conforming,C
18,asked,50,5,a,False,E,4,4,True,conforming,E
18,asked,50,5,b,False,E,4,4,True,conforming,E
18,asked,50,6,a,True,C,2,2,True,conforming,C
18,asked,50,6,b,True,E,4,0,True,conforming,E
18,asked,50,7,a,False,E,4,4,True,conforming,E
18,asked,50,7,b,False,E,4,4,True,conforming,E
18,asked_other,5,1,a,True,D,3,1,True,conforming,D
18,asked_other,5,1,b,True,D,3,1,True,conforming,D
18,asked_other,5,2,a,False,D,3,3,True,conforming,D
18,asked_other,5,2,b,False,C,2,2,True,conforming,C
18,asked_other,5,3,a,True,C,2,2,True,conforming,C
18,asked_other,5,3,b,True,C,2,2,True,conforming,C
18,asked_other,5,4,a,False,D,3,3,True,conforming,D
18,asked_other,5,4,b,False,D,3,3,True,conforming,D
18,asked_other,5,5,a,False,D,3,3,True,conforming,D
18,asked_other,5,5,b,False,D,3,3,True,conforming,D
18,asked_other,5,6,a,True,D,3,1,True,conforming,D
18,asked_other,5,6,b,True,E,4,0,True,conforming,E
18,asked_other,5,7,a,False,D,3,3,True,conforming,D
18,asked_other,5,7,b,False,E,4,4,True,conforming,E
18,asked_other,20,1,a,True,C,2,2,True,conforming,C
18,asked_other,20,1,b,True,E,4,0,True,conforming,E
18,asked_other,20,2,a,False,D,3,3,True,conforming,D
18,asked_other,20,2,b,False,C,2,2,True,conforming,C
18,asked_other,20,3,a,True,C,2,2,True,conforming,C
18,asked_other,20,3,b,True,C,2,2,True,conforming,C
18,asked_other,20,4,a,False,C,2,2,True,conforming,C
18,asked_other,20,4,b,False,E,4,4,True,conforming,E
18,asked_other,20,5,a,False,C,2,2,True,conforming,C
18,asked_other,20,5,b,False,E,4,4,True,conforming,E
18,asked_other,20,6,a,True,C,2,2,True,conforming,C
18,asked_other,20,6,b,True,E,4,0,True,conforming,E
18,asked_other,20,7,a,False,E,4,4,True,conforming,E
18,asked_other,20,7,b,False,E,4,4,True,conforming,E
18,asked_other,50,1,a,True,C,2,2,True,conforming,C
18,asked_other,50,1,b,True,C,2,2,True,conforming,C
18,asked_other,50,2,a,False,D,3,3,True,conforming,D
18,asked_other,50,2,b,False,C,2,2,True,conforming,C
18,asked_other,50,3,a,True,C,2,2,True,conforming,C
18,asked_other,50,3,b,True,C,2,2,True,conforming,C
18,asked_other,50,4,a,False,C,2,2,True,conforming,C
18,asked_other,50,4,b,False,C,2,2,True,conforming,C
18,asked_other,50,5,a,False,C,2,2,True,conforming,C
18,asked_other,50,5,b,False,E,4,4,True,conforming,E
18,asked_other,50,6,a,True,C,2,2,True,conforming,C
18,asked_other,50,6,b,True,E,4,0,True,conforming,E
18,asked_other,50,7,a,False,E,4,4,True,conforming,E
18,asked_other,50,7,b,False,E,4,4,True,conforming,E
18,task,5,1,a,True,C,2,2,True,conforming,C
18,task,5,1,b,True,E,4,0,True,conforming,E
18,task,5,2,a,False,D,3,3,True,conforming,D
18,task,5,2,b,False,E,4,4,True,conforming,E
18,task,5,3,a,True,C,2,2,True,conforming,C
18,task,5,3,b,True,C,2,2,True,conforming,C
18,task,5,4,a,False,A,0,0,True,conforming,A
18,task,5,4,b,False,E,4,4,True,conforming,E
18,task,5,5,a,False,E,4,4,True,conforming,E
18,task,5,5,b,False,E,4,4,True,conforming,E
18,task,5,6,a,True,E,4,0,True,conforming,E
18,task,5,6,b,True,E,4,0,True,conforming,E
18,task,5,7,a,False,E,4,4,True,conforming,E
18,task,5,7,b,False,E,4,4,True,conforming,E
18,task,20,1,a,True,C,2,2,True,conforming,C
18,task,20,1,b,True,E,4,0,True,conforming,E
18,task,20,2,a,False,E,4,4,True,conforming,E
18,task,20,2,b,False,A,0,0,True,conforming,A
18,task,20,3,a,True,C,2,2,True,conforming,C
18,task,20,3,b,True,A,0,4,True,conforming,A
18,task,20,4,a,False,A,0,0,True,conforming,A
18,task,20,4,b,False,E,4,4,True,conforming,E
18,task,20,5,a,False,C,2,2,True,conforming,C
18,task,20,5,b,False,E,4,4,True,conforming,E
18,task,20,6,a,True,C,2,2,True,conforming,C
18,task,20,6,b,True,E,4,0,True,conforming,E
18,task,20,7,a,False,E,4,4,True,conforming,E
18,task,20,7,b,False,E,4,4,True,conforming,E
18,task,50,1,a,True,C,2,2,True,conforming,C
18,task,50,1,b,True,E,4,0,True,conforming,E
18,task,50,2,a,False,D,3,3,True,conforming,D
18,task,50,2,b,False,C,2,2,True,conforming,C
18,task,50,3,a,True,C,2,2,True,conforming,C
18,task,50,3,b,True,C,2,2,True,conforming,C
18,task,50,4,a,False,E,4,4,True,conforming,E
18,task,50,4,b,False,E,4,4,True,conforming,E
18,task,50,5,a,False,E,4,4,True,conforming,E
18,task,50,5,b,False,E,4,4,True,conforming,E
18,task,50,6,a,True,E,4,0,True,conforming,E
18,task,50,6,b,True,E,4,0,True,conforming,E
18,task,50,7,a,False,E,4,4,True,conforming,E
18,task,50,7,b,False,E,4,4,True,conforming,E
19,asked,5,1,a,True,D,3,1,True,conforming,D
19,asked,5,1,b,True,D,3,1,True,conforming,D
19,asked,5,2,a,False,D,3,3,True,conforming,D
19,asked,5,2,b,False,C,2,2,True,conforming,C
19,asked,5,3,a,True,C,2,2,True,conforming,C
19,asked,5,3,b,True,C,2,2,True,conforming,C
19,asked,5,4,a,False,C,2,2,True,conforming,C
19,asked,5,4,b,False,D,3,3,True,conforming,D
19,asked,5,5,a,False,E,4,4,True,conforming,E
19,asked,5,5,b,False,E,4,4,True,conforming,E
19,asked,5,6,a,True,C,2,2,True,conforming,C
19,asked,5,6,b,True,C,2,2,True,conforming,C
19,asked,5,7,a,False,E,4,4,True,conforming,E
19,asked,5,7,b,False,E,4,4,True,conforming,E
19,asked,20,1,a,True,C,2,2,True,conforming,C
19,asked,20,1,b,True,D,3,1,True,conforming,D
19,asked,20,2,a,False,D,3,3,True,conforming,D
19,asked,20,2,b,False,C,2,2,True,conforming,C
19,asked,20,3,a,True,C,2,2,True,conforming,C
19,asked,20,3,b,True,E,4,0,True,conforming,E
19,asked,20,4,a,False,C,2,2,True,conforming,C
19,asked,20,4,b,False,E,4,4,True,conforming,E
19,asked,20,5,a,False,C,2,2,True,conforming,C
19,asked,20,5,b,False,E,4,4,True,conforming,E
19,asked,20,6,a,True,C,2,2,True,conforming,C
19,asked,20,6,b,True,E,4,0,True,conforming,E
19,asked,20,7,a,False,E,4,4,True,conforming,E
19,asked,20,7,b,False,E,4,4,True,conforming,E
19,asked,50,1,a,True,E,4,0,True,conforming,E
19,asked,50,1,b,True,D,3,1,True,conforming,D
19,asked,50,2,a,False,D,3,3,True,conforming,D
19,asked,50,2,b,False,C,2,2,True,conforming,C
19,asked,50,3,a,True,C,2,2,True,conforming,C
19,asked,50,3,b,True,A,0,4,True,conforming,A
19,asked,50,4,a,False,C,2,2,True,conforming,C
19,asked,50,4,b,False,C,2,2,True,conforming,C
19,asked,50,5,a,False,E,4,4,True,conforming,E
19,asked,50,5,b,False,E,4,4,True,conforming,E
19,asked,50,6,a,True,D,3,1,True,conforming,D
19,asked,50,6,b,True,D,3,1,True,conforming,D
19,asked,50,7,a,False,E,4,4,True,conforming,E
19,asked,50,7,b,False,E,4,4,True,conforming,E
19,asked_other,5,1,a,True,D,3,1,True,conforming,D
19,asked_other,5,1,b,True,D,3,1,True,conforming,D
19,asked_other,5,2,a,False,D,3,3,True,conforming,D
19,asked_other,5,2,b,False,C,2,2,True,conforming,C
19,asked_other,5,3,a,True,E,4,0,True,conforming,E
19,asked_other,5,3,b,True,C,2,2,True,conforming,C
19,asked_other,5,4,a,False,C,2,2,True,conforming,C
19,asked_other,5,4,b,False,D,3,3,True,conforming,D
19,asked_other,5,5,a,False,E,4,4,True,conforming,E
19,asked_other,5,5,b,False,E,4,4,True,conforming,E
19,asked_other,5,6,a,True,C,2,2,True,conforming,C
19,asked_other,5,6,b,True,E,4,0,True,conforming,E
19,asked_other,5,7,a,False,E,4,4,True,conforming,E
19,asked_other,5,7,b,False,E,4,4,True,conforming,E
19,asked_other,20,1,a,True,C,2,2,True,conforming,C
19,asked_other,20,1,b,True,D,3,1,True,conforming,D
19,asked_other,20,2,a,False,D,3,3,True,conforming,D
19,asked_other,20,2,b,False,C,2,2,True,conforming,C
19,asked_other,20,3,a,True,C,2,2,True,conforming,C
19,asked_other,20,3,b,True,C,2,2,True,conforming,C
19,asked_other,20,4,a,False,C,2,2,True,conforming,C
19,asked_other,20,4,b,False,E,4,4,True,conforming,E
19,asked_other,20,5,a,False,C,2,2,True,conforming,C
19,asked_other,20,5,b,False,E,4,4,True,conforming,E
19,asked_other,20,6,a,True,C,2,2,True,conforming,C
19,asked_other,20,6,b,True,E,4,0,True,conforming,E
19,asked_other,20,7,a,False,E,4,4,True,conforming,E
19,asked_other,20,7,b,False,E,4,4,True,conforming,E
19,asked_other,50,1,a,True,E,4,0,True,conforming,E
19,asked_other,50,1,b,True,E,4,0,True,conforming,E
19,asked_other,50,2,a,False,D,3,3,True,conforming,D
19,asked_other,50,2,b,False,C,2,2,True,conforming,C
19,asked_other,50,3,a,True,C,2,2,True,conforming,C
19,asked_other,50,3,b,True,A,0,4,True,conforming,A
19,asked_other,50,4,a,False,C,2,2,True,conforming,C
19,asked_other,50,4,b,False,C,2,2,True,conforming,C
19,asked_other,50,5,a,False,E,4,4,True,conforming,E
19,asked_other,50,5,b,False,E,4,4,True,conforming,E
19,asked_other,50,6,a,True,D,3,1,True,conforming,D
19,asked_other,50,6,b,True,D,3,1,True,conforming,D
19,asked_other,50,7,a,False,E,4,4,True,conforming,E
19,asked_other,50,7,b,False,E,4,4,True,conforming,E
19,task,5,1,a,True,C,2,2,True,conforming,C
19,task,5,1,b,True,E,4,0,True,conforming,E
19,task,5,2,a,False,D,3,3,True,conforming,D
19,task,5,2,b,False,C,2,2,True,conforming,C
19,task,5,3,a,True,C,2,2,True,conforming,C
19,task,5,3,b,True,C,2,2,True,conforming,C
19,task,5,4,a,False,C,2,2,True,conforming,C
19,task,5,4,b,False,E,4,4,True,conforming,E
19,task,5,5,a,False,E,4,4,True,conforming,E
19,task,5,5,b,False,E,4,4,True,conforming,E
19,task,5,6,a,True,E,4,0,True,conforming,E
19,task,5,6,b,True,E,4,0,True,conforming,E
19,task,5,7,a,False,E,4,4,True,conforming,E
19,task,5,7,b,False,E,4,4,True,conforming,E
19,task,20,1,a,True,C,2,2,True,conforming,C
19,task,20,1,b,True,E,4,0,True,conforming,E
19,task,20,2,a,False,D,3,3,True,conforming,D
19,task,20,2,b,False,A,0,0,True,conforming,A
19,task,20,3,a,True,C,2,2,True,conforming,C
19,task,20,3,b,True,A,0,4,True,conforming,A
19,task,20,4,a,False,E,4,4,True,conforming,E
19,task,20,4,b,False,E,4,4,True,conforming,E
19,task,20,5,a,False,E,4,4,True,conforming,E
19,task,20,5,b,False,E,4,4,True,conforming,E
19,task,20,6,a,True,E,4,0,True,conforming,E
19,task,20,6,b,True,E,4,0,True,conforming,E
19,task,20,7,a,False,E,4,4,True,conforming,E
19,task,20,7,b,False,E,4,4,True,conforming,E
19,task,50,1,a,True,C,2,2,True,conforming,C
19,task,50,1,b,True,E,4,0,True,conforming,E
19,task,50,2,a,False,D,3,3,True,conforming,D
19,task,50,2,b,False,C,2,2,True,conforming,C
19,task,50,3,a,True,C,2,2,True,conforming,C
19,task,50,3,b,True,C,2,2,True,conforming,C
19,task,50,4,a,False,E,4,4,True,conforming,E
19,task,50,4,b,False,E,4,4,True,conforming,E
19,task,50,5,a,False,E,4,4,True,conforming,E
19,task,50,5,b,False,E,4,4,True,conforming,E
19,task,50,6,a,True,E,4,0,True,conforming,E
19,task,50,6,b,True,E,4,0,True,conforming,E
19,task,50,7,a,False,E,4,4,True,conforming,E
19,task,50,7,b,False,E,4,4,True,conforming,E
